DATE,SMALL LoOP LoINV,ME1 OP1 INV2,ME1 OP1 INV3,ME1 OP1 HiINV,ME1 OP2 LoINV,ME1 OP2 INV2,ME1 OP2 INV3,ME1 OP2 HiINV,ME1 OP3 LoINV,ME1 OP3 INV2,ME1 OP3 INV3,ME1 OP3 HiINV,ME1 OP4 LoINV,ME1 OP4 INV2,ME1 OP4 INV3,SMALL HiOP HiINV,BIG LoOP LoINV,ME2 OP1 INV2,ME2 OP1 INV3,ME2 OP1 HiINV,ME2 OP2 LoINV,ME2 OP2 INV2,ME2 OP2 INV3,ME2 OP2 HiINV,ME2 OP3 LoINV,ME2 OP3 INV2,ME2 OP3 INV3,ME2 OP3 HiINV,ME2 OP4 LoINV,ME2 OP4 INV2,ME2 OP4 INV3,BIG HiOP HiINV
199007,2.53,7.08,-13.45,4.04,-1.93,4.55,1.03,3.74,6.07,1.75,-1.98,1.94,2.88,4.74,2.09,0.94,4.56,3.37,-0.98,4.62,5.94,6.02,2.64,2.38,4.45,7.46,6.21,2.65,5.05,7,5.61,8.2
199008,2.93,-6.32,-12.8,-3.58,4.5,3.88,-14.48,-3.05,-25.21,-1.47,-4.09,-3.86,-5.9,-2.39,-3.31,-0.64,-13.21,-4.75,-6.32,-11.66,1.4,-3.87,-6.04,-8.43,-3.57,-2.74,-6.67,-10.45,-7.23,-10.43,-9.29,3
199009,-8.64,-0.28,-4.86,-4.6,-7.69,2.48,-3.54,-3.95,-8.69,-6.09,-5.54,-9.68,-7.01,-1.14,-5.46,-2.59,-7.03,-9.4,-10.14,-10.49,-4.37,-6.99,-8.62,-14.4,-3.24,-6.04,-10.02,-14.15,-3.12,-7.8,-10.31,-2.83
199010,-12.45,-8.15,-12.62,-9.7,-7.36,-6.58,0.28,-13.46,-6.5,-4.41,-3.62,-3.45,-18.29,-7.85,-6.79,-4.76,-0.74,-1.26,-0.06,-1.45,-6.62,0.75,-4.66,0.82,-7.3,-5.01,-2.4,-4.1,-4.99,4.04,2.97,-6.89
199011,-12.3,0.47,-8.59,-3.36,0.14,-3.54,-2.71,-4.9,-7.86,-5.76,-3.66,-5.18,1.39,-0.86,-3.76,-3.94,-9.36,0.19,-8.95,-5.83,-7.58,-7.95,1.68,0.35,-2.84,-1.4,1.63,-2.59,-0.19,2.7,-4.1,-0.61
199012,1.27,2.29,-3.87,-4.7,-2.17,-4.14,-4.67,-3.77,-5.81,-6.08,-1.54,-1.59,-7.75,-2.47,-4.87,-2.84,-3.51,-0.06,-0.87,0.08,-5.81,-0.09,2.3,-1.23,-2.54,-2.63,-2.02,-2.02,-2.25,2.73,5.57,-2.06
199101,-0.28,-3.97,-6.27,2.34,5.42,5.81,6.64,3.84,-3.53,1.58,3.7,-2.9,-1.4,2.09,2.78,3.58,3.79,1.97,9.21,5.72,3.14,7.79,6.12,8.24,1.74,4.43,11.82,6.34,7.62,4.05,7.88,0.21
199102,1.56,6.74,-18.01,5.61,10.47,5.23,7.86,4.45,1.33,11.13,6.73,9.55,12.61,12.57,7.76,7.6,14.31,7.18,9.85,10.39,6.25,7.89,9.25,14.41,8.09,6.33,6.48,10.11,10.18,10.35,8.69,3.81
199103,7.98,4.05,3.48,2.34,10.95,8.41,0.6,0.23,-4.09,0.66,-1.21,-2.22,0.68,3.07,3.4,0.26,2.68,3.25,2.74,1.86,4.33,10.57,0.37,6.46,-0.07,1.59,0.81,5.58,4.78,2.3,0.46,0.54
199104,3.21,8.08,-15.28,19.82,7.82,2.59,1.39,5.97,3.47,3.09,2.08,-3.34,8.04,3.62,4.67,9.95,5.23,-1.64,-1.68,3.29,6.67,1.29,7.84,-2.43,4.5,7.16,5.23,6.47,7.92,3.51,-3.84,2.52
199105,6.27,-1.09,4.49,9.2,3.45,3.6,1.99,-7.96,-1.48,2.88,-2.58,-2.49,-0.63,-1.1,-1.34,-4.02,-1.57,-1.85,0.96,1.43,-0.84,-1.54,-3.32,1.76,-2.06,-0.99,2.03,-6.85,-3.96,4.56,1.17,-8.16
199106,-1.56,1.29,-2.22,-3.64,-2.83,5.28,-0.16,3.25,0.51,-2.49,-1.27,-0.47,0.04,-0.89,1.36,-0.01,-0.03,1.4,1.14,-4.38,1.53,0.83,-0.47,-2.19,-2.16,2.98,-1.38,-1.09,3.28,-1.03,-1.38,-0.66
199107,11.21,10.54,10.56,5.9,4.57,7.5,9.22,9.32,3.06,9.17,6.27,1.73,13.69,6.43,6.5,6.72,7.32,6.13,9.47,6.33,8.9,9.27,14.54,4.71,5.57,1.29,6.45,2.14,7.26,4.71,3.84,0.19
199108,3.09,2.2,5.89,-4.42,-0.6,-1.91,-3.68,-3.27,4.7,0.07,-1.91,0.63,-4.08,-0.82,0.96,0.13,-0.76,-2.48,0.64,5.5,-1.82,-5.81,-2.38,-4.47,-2.23,-3.45,-0.08,-0.55,0.23,-0.27,-0.1,-3.59
199109,5.87,4.5,9.26,4.07,8.4,0.43,3.76,5.61,11.84,4.78,1.84,0.94,10.22,1.8,3.5,5.8,1.71,1.51,1.93,4.99,2.42,0.32,-0.71,1.29,2.33,-1.28,0.82,1.62,3.71,1.16,0.71,-0.19
199110,26.03,6.32,4.06,3.88,19.05,6,4.95,9.91,6.03,1.04,5.46,9.54,9.18,5.38,6.92,8.73,4.7,0.56,0.21,12.28,1.13,1.85,3.17,1.95,0.51,6.41,5.37,4.04,6.03,6.3,3.09,1.84
199111,-2.44,6.28,-4.61,2.66,-0.83,-0.02,1.28,7.19,-0.28,9.28,-1.63,4,1.77,1.48,2.35,0.44,-4.34,2.05,-0.26,1.69,1.75,0.72,-1.94,3.37,-5.87,1.59,1.49,-0.61,-7.42,0.59,0.97,0.45
199112,-4.47,1.55,3.62,-6.49,-3.98,-0.89,-0.12,-1.83,4.43,-4.19,-1.19,-2.91,-1.43,-1.2,-0.27,-1.36,-0.1,2.11,-2.21,2.18,2.8,3.63,2.18,4.04,-3.27,-0.45,2.1,3.35,-2.13,1.03,3.49,3.12
199201,0.31,8.89,5.72,2.8,0.13,5.18,4.26,8.03,-2.54,1.45,-3.35,-0.97,1.84,0.47,0.67,2.97,-1.06,3.25,-3.61,1.41,3.98,7.05,4.97,9.82,2.71,-0.49,0.54,-2.97,-2.02,0.52,-1.21,8.31
199202,1.62,7.96,-0.92,-4.32,4.06,-0.26,-2.93,3.87,3.82,4.34,3.87,2.4,6.14,3.16,1.42,3.61,-0.44,1.25,4.34,4.35,3.07,4.69,3.24,5.77,4.22,-4.09,1.95,-2.99,-0.3,2.51,2.28,3.31
199203,-4.38,-4.39,-3.17,0.51,-4.36,-2.67,-2.19,-2.36,-0.98,-0.01,0.08,1.43,-5.27,5.26,0.55,-2.77,-1.06,-0.22,1.26,2.71,-0.34,-2.76,-2.12,-1.23,2.96,0.86,1.89,-1.37,0,0.25,-0.88,3.29
199204,-4.31,-4.14,-1.94,-4.02,-6.26,-3.72,0.78,-3.77,3.4,4.05,2.54,-0.53,1.04,2.89,-0.4,2.2,2.76,1.41,3.49,5.17,6.64,5.92,7.39,11.35,3.12,4.75,6.83,3.31,2.99,4.36,6.08,9.07
199205,2.14,5.12,15.29,7.16,4.22,2.92,6.06,-2.06,10.11,10.67,7.2,4.29,6.38,3.64,1.38,4.03,1.13,10.48,10.52,9.9,20.69,18.52,12.23,13.13,2.55,4.87,5.55,4.51,3.19,5.5,2.99,3.15
199206,-2.23,-7.52,-7.02,-1.65,-5.63,-2.12,-1.83,-3.13,-3.37,3.21,-2.24,-2.52,1.15,-0.89,-0.35,-1.09,-0.12,-1.26,7.74,-1.91,0.98,-4.09,-0.18,2.06,-5.11,-2.68,-1.18,-2.93,-2.26,-1.61,-4.2,-0.83
199207,4.07,-1.3,-1.38,5.48,0.65,-0.28,-5.54,-1.68,5.18,-0.98,-3.47,-3.45,2.07,3.52,-1.76,-0.25,-7.75,-3.99,-7.3,-5.38,0.71,-2.97,-5.03,-6.41,-0.79,-3.04,6.06,-9.46,-2.4,-5.37,-1.52,-0.14
199208,-11.85,-8.16,-5.63,-4.08,-8.6,-5.73,-10.3,-5.35,-5.96,-4.91,-5.17,-4.03,-5.1,-4.79,-6.23,-3.64,-7.05,-7.71,-6.4,-7.9,-4.4,-6.33,-6.66,-4.03,-9,-6.99,-3.15,-5.14,-7.57,-8.29,-4.27,-7.67
199209,-3.41,0.07,-2.73,-0.59,-7.21,1.13,-1.62,-0.33,-2.12,-0.68,-2.06,-1.59,2.81,1.43,-0.86,-1.49,-6.39,-0.92,1.49,-1.72,-2.91,-1.83,-0.78,0.86,-3.86,-2.6,-2.43,-1.7,0.98,-3.27,-2.99,-0.29
199210,-9.44,-4.62,-3.97,-2.55,-4.52,1.82,-0.71,-1.45,-13.77,2.66,1.9,1.75,0.16,-1.28,1.43,1.25,4.82,8.18,8.22,8.15,-4.15,6.66,9.57,5.79,-5.97,-3,5.98,6.45,0.28,-6.44,7.82,1.7
199211,-3.55,-2.77,1.09,-0.79,-1.61,3.14,0.3,1.94,1.68,3.38,-0.38,0.91,-5.72,-1.46,1.71,5.11,-0.79,0.36,-3.81,-4.98,2.06,-4.34,-5.84,-5.24,0.31,-0.43,-0.45,-5.52,-1.46,-1.3,-1.11,0.53
199212,3.63,6.15,4.08,4,-1.45,-0.32,3.6,-0.13,34.93,3.07,1.66,0.89,-4.58,4.44,1.96,2.55,-1.34,-4.87,-4.82,-4.92,4.65,-6.85,-5.68,-4.02,9.38,7.75,-0.71,-2.01,4.59,12.39,1.16,-2.75
199301,0.78,-2.02,1.73,7.47,5.6,0.33,-0.71,1.35,-7.77,1.85,4.38,2.02,-0.52,2.11,-0.11,2.67,1.69,2.74,2.68,3.84,-2.22,2.83,0.81,3.63,-2.96,-2.71,4.81,-0.67,-0.06,-2.28,2.62,3.13
199302,12.44,8.67,9.87,9.74,4.07,7.76,9.92,6,1.48,6.52,9.3,7.19,7.19,5.05,9.98,7.41,9.29,8.82,9.81,10.99,6.54,9.09,14.55,9.28,8.69,4.53,4.85,14.54,8.53,7.84,5.84,7.65
199303,11.79,14.61,7.87,11.57,7.3,2.32,7.16,4.34,2.3,6.63,6.55,1.64,7.38,8.3,7.18,5.03,-1.15,0.03,-1.27,4.8,2.87,-5.16,-3.32,0.04,4.84,3.63,4.75,5.51,9.77,3.57,0.73,12.36
199304,8.64,15.2,1.07,12.08,2.71,10.54,10.62,6.47,16.9,7.11,9.76,5.94,14.31,7.91,8.57,5.96,7.93,9.7,10.74,8.6,1.16,8.19,6.92,11.35,1.51,2.4,6.33,5.04,10.44,-0.04,3.96,-1.78
199305,-6.41,3.29,11.75,5.13,0.79,9.45,10.28,5.9,3.43,7.92,11.7,7.39,23.8,4.61,10.36,5.29,6.69,15.74,8.6,4.7,0,11.37,5.36,8.84,1.8,-0.01,2,8.17,3.98,-2.51,7.59,3.3
199306,-2.36,-6.47,4.22,-0.77,4.84,0.03,1.7,9.49,29.03,-2.74,-1.78,-2,0.95,-0.31,3.58,-1.3,-7.11,-3.27,-2.28,-5.19,-3.16,-2.48,-4.57,-5.14,-0.35,-0.51,-1.27,-3.1,0.21,-2.59,-2.3,-5.67
199307,10.45,16.69,17.02,23.29,1.65,4.45,1.02,-1.17,1.31,6.38,0.03,3.44,10.03,7.36,2.32,3.98,-1.82,9.03,-2.85,-2.1,4,0.36,-3.7,-1.64,8,2.42,3.2,8.69,8.88,7.53,0.05,-8.24
199308,8.42,8.61,1.75,-1.39,4.51,9.96,5.86,8.75,7.94,4.9,3.64,7.31,5.26,0.58,6.98,7.07,5.96,11.05,13.82,3.89,3.84,10.06,6.79,6.34,3.17,4.15,6.51,5,-1.09,7.8,13.68,6.52
199309,-9.9,-7.75,-10.07,-17.5,0.27,-2.34,-1.92,-2.82,2.05,-0.63,-2.45,-4.19,-9.07,-0.4,-1.81,-0.1,0.8,0.4,4.93,2.9,-6.26,1.27,2.56,6.44,-5.23,-2.22,5.12,-3.32,-2.68,-0.18,0.64,-0.39
199310,7.22,10.84,16.81,13.58,13.11,8.08,12.76,13.03,15.57,6.95,8.99,16.51,5.34,11.13,9.34,12.65,14.06,11.08,32.32,18.2,12.91,15.99,21.74,21.97,13.4,9.19,16.96,18.76,11.14,19.64,12.28,16.5
199311,-8.12,-3.34,-6.9,-8.56,2.5,1.31,1.31,-4.21,5.5,0.53,-0.57,4.57,-4.05,-0.69,-1.16,1.23,7.55,-6.41,3.41,-3.49,-2.17,-0.87,0.22,2.56,-1.99,-3.87,-2.2,-4.12,-5.52,-6.22,-0.31,0.25
199312,14.76,15.83,13.63,20.02,20.95,20.52,20.94,19.78,19.11,15.54,17.74,16.69,10.37,9.5,12.2,15.41,24.9,12.5,24.41,29.57,16.14,25.6,35.29,30.18,13.46,16.2,28.82,18.12,12.09,14.41,16.72,16.83
199401,13.24,18.22,18.57,24.64,9.74,2.95,2.81,0.58,12.13,6.83,5.48,1.34,15.78,10.06,1.12,-0.2,3.77,7.61,-3.9,1.8,11.82,0.32,-3.18,-5.3,10.41,4.27,-0.65,1.77,1.28,1.75,-3.69,-8.65
199402,-5.9,-2.34,-1.88,-1.16,2.01,5.36,-0.77,0.14,6.79,-0.24,-0.35,-3.56,3.89,-0.86,-0.91,-2.49,-3.92,-2.54,-8.41,-5.65,-3.52,-9.03,-9.41,-10.01,-4.92,-5.44,-6.04,-9.4,-5.81,-8.47,-6.74,0.17
199403,-9.58,-6.61,-15.87,-8.51,-12.84,-11.19,-10.24,-11.46,-16.45,-5.58,-10.13,-9.22,-12.35,-7.21,-6.66,-7.55,-13.69,-11.34,-13.86,-10.46,-9.48,-10.88,-9.46,-8.82,-4.52,-12.84,-9.3,-7.31,-4.23,-9.28,-7.34,-13.45
199404,2.87,-1.52,-0.44,-4.62,-0.72,5.12,-0.27,1.62,6.22,3.06,3.5,0.64,-2.51,0.13,0.82,-0.48,2.58,6.59,4.74,-0.61,2.42,3.46,-2.18,-2.04,1.14,3.51,0.67,5.45,2.32,6.6,6.06,-6.09
199405,0.67,2.65,-3.68,4.83,2.27,0.27,2.42,-2.92,-0.95,2,0.35,1.31,1.75,6.07,-0.18,0.03,1.71,-1.71,4.59,5.14,7.89,8.22,5.97,4.77,6.51,5.43,2.87,-0.18,5.02,6.72,2.3,10.68
199406,0.83,-5.22,-1.93,-7.26,-2.56,-2.41,-3.51,-2.05,-1.69,-3.94,-6.38,-4.14,-5.8,-1.33,-4.78,-5.24,-2.78,-6.16,-7.71,-10.54,-7.14,-6.19,-8.89,-10.43,-3.86,-4.56,-4.74,-5.59,-7.14,-4.37,-4.9,-2.37
199407,3.3,2.74,1.83,7.04,-2.31,2.12,3.72,-0.33,3.01,3.18,1.36,0.04,-3.84,2.53,1.35,-2.72,3.41,5.72,3.17,7.45,4.51,3.65,10.41,9.61,5.39,4.13,3.77,5.11,2.95,4.67,4.48,9.85
199408,0.1,0.99,-6.72,-4.67,1.73,4.69,1.78,1.36,3.08,1.57,3.65,0.85,-0.76,0.45,0.95,1.17,4.74,0.92,3.2,2.58,3.71,7.2,6.49,7.03,4.23,0.69,3.4,5.39,1.8,8.73,4.78,-6.76
199409,-1.73,-3.28,-4.23,-0.88,0.78,1.58,0.03,-2.61,0.54,0.28,-0.55,-0.21,-4.79,-2.56,-0.61,-2.93,5.34,0.81,1.55,-3.24,-3.46,-3.86,-2.78,0.07,-4.37,-3.66,-1.76,3.21,-2.45,-3.32,-5.07,0.65
199410,-1.39,-3.37,-4,-6.97,-1.07,0.19,-0.42,0.84,4.21,1.49,-1.23,-2.75,0.42,-2.29,-2.19,-1.59,3.93,9.9,-0.19,-0.54,2.36,2.37,-0.46,3,0.19,1.87,1.57,2.48,0.69,1.85,3.62,-6.13
199411,-6.48,-8.91,-10.61,-14.75,-6.11,-7.16,-8.84,-9.26,-4.14,-3.01,-5.82,-7.62,-5.64,-2.2,-3.87,-12.11,-7.65,-12.1,-15.79,-14.31,-5.43,-8.58,-11.73,-13.48,-1.38,-0.21,-4.49,-11.7,-7.19,-6.32,-9.45,-7.17
199412,-1.93,-2.53,-1.48,-2.67,-1.99,-2.93,-6.23,-2.5,-2.03,0.37,-3.72,-0.34,-3.48,0.09,-1.83,-4.11,1.57,-2.35,-4.5,-5.2,0.91,0.1,-0.3,-3.39,0.4,1.14,1.09,-5.59,-3.54,3.77,-1.61,-0.09
199501,-4.87,-7.58,-11.75,-6.66,-7.68,-6.82,-8.08,-9.35,-7.38,-7.35,-8.78,-11.61,-8.45,-4.17,-6.95,-10.08,-7.3,-12.03,-7.84,-10.38,-2.83,-8.37,-10.87,-10.5,-4.49,-9.72,-5.96,-8.5,2.07,-7.54,-6.63,-6.37
199502,-3.99,-1.93,-7.18,-6.32,6.06,0.94,1.16,1.03,-1.4,0.13,1.72,0.24,-1.68,1,-0.29,5.22,3.29,6.49,10.34,10.05,7.23,6.51,16.93,16.6,2.77,5.21,4.09,14.21,-1.07,1.96,5.87,0.38
199503,0.07,-2.33,-1.44,-6.81,-1.4,1.16,-0.4,-2.88,1.64,-3.03,-1.4,-1.89,-2.98,1.19,-2.2,-0.78,2.46,-1.73,0.91,1.55,2.18,-3.6,1.77,0.86,-0.85,3.45,0.64,2.08,0.34,-0.03,3.28,-1.52
199504,1.23,-1.6,1.29,0.87,1.54,-1.2,-1.48,1.32,5.5,1.82,-0.84,-3.06,2.41,3.82,4.49,0.3,5.51,2.47,-4.23,-3.65,3.91,3.39,-1.44,-3.53,4.91,1.56,2.4,-3.4,4.75,8.14,0.4,-8.31
199505,-2.36,-0.79,-1.37,3.28,-1.77,-0.87,1.98,0.56,0.49,0.78,0.76,2.62,0.8,-1.87,1.77,2.73,2.19,12.43,6.98,8.61,2.87,0.44,13.59,14.06,-1.18,2.6,2.12,7.99,-0.24,-0.88,8.46,4.86
199506,-0.26,-5.76,-4.78,-6.31,2.23,1.38,-1.07,0.65,-2.87,-2.53,0.06,4.33,0.93,-1.28,-2.45,5.53,-0.04,-2.74,-4,-3.02,0.18,-1.79,-2.84,0.08,-0.5,-1.9,-2.28,-2.29,-4.15,-2.06,-4.44,3.53
199507,7.66,6.12,10.57,12.32,8.33,7.93,6.05,9.07,6.47,6.68,9.52,8.47,5.67,6.11,6.18,11.25,4.91,2.97,0.3,2.25,5.68,4.66,3.73,4.38,11.48,3.31,6.06,5.85,3.81,10.2,-0.02,8.6
199508,7.85,8.18,5.05,5.55,2.5,1.05,1.35,-0.6,2.27,3.9,0.68,4.09,2.03,4.55,0.85,2.25,0.06,-7.62,-4.9,-4.46,-1.87,-1.07,-3.96,-2.72,2.32,-1.21,-1.41,-4.36,-0.71,1.5,-1.93,2.9
199509,-2.62,2.14,2.93,3.8,-0.11,-1.58,5.26,-1.1,3.87,0.93,-0.4,-1.56,-0.16,3.94,2.07,4.62,3.07,3.57,0.96,2.05,-0.5,1.95,5.01,8.62,2.3,1.8,-0.89,7.15,2.03,0.02,1.07,3.02
199510,-4.81,-5.18,1,-0.11,-3.22,-3.28,-3.16,-3.3,-2.05,-0.68,-0.33,-4.88,-2.31,-1.71,0.23,-4.36,0.87,2.79,2.08,1.68,-4.34,-2.47,0.72,-0.99,-0.51,1.93,-0.25,2.24,2.51,-1.03,-1.93,-2.41
199511,0.82,2.26,10.9,10.1,0.53,0.37,-0.96,-2.09,2.58,3.36,0.04,-0.48,1.14,0.5,3.57,-4.26,1.01,2.95,-1.11,1.59,0.08,1.61,1.87,3.54,1.85,-1.53,0.02,2.88,2.27,2.5,0.03,-0.21
199512,-1.78,-2,1.89,0.29,8.04,2.99,-1.14,0.75,0.55,0.87,1.83,3.07,3.2,2.19,-0.25,-3.3,1.49,3.08,4.86,4.2,0.28,1.88,7.31,3.43,2.6,1.55,3.36,-2.12,5.55,3.44,3.48,1.51
199601,5.63,7.63,18.64,9.85,3.79,6.88,8.72,11.05,11.12,4.61,8.09,5.67,6.84,4.91,8.65,11.29,6.69,10.46,15.13,17.21,0.96,7.59,12.19,16.1,3.44,7.38,2.73,20.44,9.39,4.47,7.03,8.01
199602,4.53,4.71,4.87,7.18,4.73,1.06,2.4,0.12,1.25,2.59,3.4,0.8,2.3,2.78,1.51,1.39,2.5,-0.85,-1.03,-0.78,2.7,0.69,-1.44,-3.96,3.04,1.23,3.02,-3.53,0.79,1.01,2.67,3.1
199603,0.14,-2.63,5.67,0.69,0.11,-4.21,-0.57,1.45,1.69,0.66,-3.3,-2.27,2.79,1.48,-0.88,-1.22,1.16,3.94,0.03,-2.51,2.25,-1.17,-0.19,-1.18,-0.04,-1.57,-0.42,-0.75,-0.95,-0.88,-0.67,-1.39
199604,-0.48,6.51,16.46,-0.48,8.37,0.83,2.39,2.54,4.04,3.06,0.93,3.22,3.06,3.61,1.56,2.87,3.75,2.1,-0.64,1.58,2.34,1.45,0.28,3.6,5.1,3.54,2.44,-0.02,0.29,4.73,-1.09,-0.33
199605,0.68,-0.17,-1.05,4.63,12.75,0.6,-0.03,3.32,0.52,-0.21,1.72,2.28,-1.84,-0.59,0.68,5.63,-0.02,-2.84,2.06,-0.14,-4.56,3.82,-0.47,5.68,-1.75,0.98,-2.05,2.45,6.71,0.77,0.1,1.58
199606,-5.89,-2.9,-9.66,-5.74,-3.17,-0.89,-0.88,-0.83,-0.43,-0.3,-2.35,-0.64,-1.67,-2.07,-1.88,0.98,-1.53,-0.06,-2.13,-1.04,0.5,-2.45,-1.44,-0.91,-2.57,-1.25,-1.19,-1.08,-2.29,-3.83,-2.86,1.14
199607,-9.76,-9.74,-5.87,-13.22,-6.32,-3.72,-4.64,-7.39,-3.7,-4.78,-3.98,-4.41,-1.87,-3.21,-4.1,-4.42,-6.09,-3.79,-12.29,-3.32,-5.94,-1.51,-10.58,-7.31,-4.54,-6.78,-2.85,-4.48,0.61,-5.1,-3.82,-7.85
199608,4.36,6.43,16.95,4.82,-0.48,1.01,0.91,2.32,2.25,5.2,4.34,4.01,7.56,5.75,6.15,5.14,6.94,2.47,10.89,4.75,4.7,3.98,4.9,5.38,5.48,2.63,4.84,6.38,5.26,5.15,3.54,0.43
199609,-0.09,-5.7,0.64,6.14,3.52,3.28,2.03,-0.65,0.21,0.84,1.75,0.11,1.74,2.43,4.35,3.7,3.81,5.46,-6.24,2.31,6.13,3.78,1.36,-1.57,3.36,1.8,6.24,0.01,0.74,-1.34,6.39,-2.57
199610,7.19,3.83,7.51,1.36,4.23,3.86,3.38,7.66,3.76,2.96,0.46,1.95,5.35,5.37,4.78,7.11,0.51,2.65,-1.55,3.6,5.96,2.92,1.41,-3.37,3.6,-0.69,6.65,1.44,5.36,2.91,0.29,1.63
199611,9.17,24.69,3.94,13.44,7.74,6.86,7.14,6.53,8.39,5.08,7.6,3.39,5.71,5.86,6.73,8.46,17.77,11.46,14.05,8.03,10.62,10.48,1.03,4.49,4.6,1.57,7.68,1.44,3.9,7.31,6.07,0.42
199612,2.31,6.02,-3.54,-2.67,-2.08,0.77,1.35,-3.96,-1.91,1.38,0.15,-2.21,-0.18,0.74,-2.01,-1.67,-0.17,2.38,-0.36,-1.41,-0.34,-1.01,0.78,0.57,4.48,1.17,0.22,0.42,-0.56,-2.03,-2.13,1.4
199701,0.54,-2.66,-7.66,-4.34,2.2,2.41,-0.86,4.31,4.06,-1.46,-0.14,-2.4,-2.48,-0.42,-0.28,0.94,-3.65,-2.19,-2.62,1.6,-4.79,-4.17,-2.05,1.17,-5.24,0.14,-3.13,0.28,-2.24,-3.93,1.62,-0.77
199702,6.53,-0.02,3.31,8.6,3.03,3.86,2.7,6.32,4.94,5.16,5.15,6.41,5.61,5.71,3.57,3.56,0.66,1.54,6.48,-0.69,3.6,-2.32,0.94,1.67,5.14,1.09,-0.65,0.33,-0.99,1.59,1.32,1.25
199703,-1.26,-4.31,-2.91,-5.1,-2.41,-5.08,-5.24,-1.74,-6.2,-1.2,-2.72,-5.26,-5.98,1.08,-1.23,0.11,-8.81,-6.62,-9.64,-8.03,-6.85,-7.81,-8.48,-2.55,2.42,-1.91,-3.74,-5.12,0.17,0.65,-1.71,-9.44
199704,-0.42,-3.04,-4.23,-12.06,7.83,0.28,-3.48,-1.24,-0.19,-0.66,0.74,-0.41,-3.63,-0.06,0.67,-1.39,-1.26,0.94,1.7,-2.83,2.8,3.22,-1.45,-3.92,0.67,0.48,1.16,1.21,0.64,4.07,2.57,-10.92
199705,8.69,-0.03,0.34,4.09,6.93,5.82,5.45,3.74,1.66,3.73,4.8,3.89,3.52,2.84,3.4,6.05,14.15,11.42,3.89,7.44,10.4,6.81,0.62,6.55,0.13,3.84,9.66,5.5,6.71,2.82,11.71,6.99
199706,-3.86,-6.9,-0.56,-8.86,-1.47,-0.57,-1.09,5.62,1.49,0.38,3.32,-0.92,-1.81,-1.93,0.74,-1.45,-2.21,0.89,-5.15,-2.76,-4.13,2.15,3,-0.22,6.72,6.55,7.15,3.82,2.89,5.28,5.6,1.92
199707,-0.16,19.82,7.09,-1.42,6.38,5.28,7.5,-1.34,2.43,2.47,1.92,9.64,-2.34,3.43,3.52,4.49,2.73,-1.58,-1.47,4.25,0.5,6.28,4.34,0.19,-3.94,0.89,3.23,3.67,0.65,2.22,1.06,1.45
199708,8.64,-8.47,11.89,5.92,16.62,4.11,0.31,2.43,1.98,0.07,1.49,-5.61,-4.69,-6.08,-0.46,-4.8,-7.27,-5.97,-5.6,-3.83,-8.74,-10.37,-9.21,-13.34,-6.12,-5.15,-14.3,-14.21,-4.61,-8.44,-13.63,-2.18
199709,-4.94,-3.82,-6.59,-1.55,3.21,-8.39,-3.05,-8.04,-4.78,-3.67,-3.32,-2.29,-0.9,5.39,-1.39,-2.65,7.77,-2.91,0.22,5.71,5.52,9.5,0.21,-0.7,4.11,4.42,6.59,0.74,4.42,8.18,6.48,-1.55
199710,-36.41,-23.92,-29.44,-20.42,-31.41,-28.4,-28.21,-28.15,-23.88,-20.54,-17.58,-24.3,-15.26,-10.84,-21.94,-27.35,-22.73,-38.32,-30.8,-30.06,-17.38,-28.24,-26.58,-23.61,-19.53,-18.5,-24.81,-30.14,-9.89,-11.57,-13.21,-31.45
199711,-10.03,-4.86,-11.86,-4.71,-14.54,-6.19,-5.83,-10.04,-7.1,-3.35,-5.23,-5.35,-7.37,-4.33,-6.24,-4.43,-1.09,-5.58,-4.24,-5.57,0.44,0.77,0.89,-5.5,-4.65,0.03,0.48,-4.22,3.05,-0.92,3.81,-4.4
199712,-8.88,-0.63,-7.46,-24.21,-6.73,-8.09,-6.83,-4.21,-2.07,-4.62,-8.39,-5.1,-3.47,-2.96,-5.67,-9.59,-4.12,-3.29,1.25,-7.91,2.41,-4.6,-2.1,2.46,1.79,3.78,1.98,-2.42,-0.95,0.94,1.43,-5.79
199801,-21.52,-14.98,-9.67,5.37,-14.03,-18.76,-19.41,-14.24,-8.56,-14.85,-12.34,-15.54,1.9,1.25,-6.75,-14.65,-7.67,-27.94,-24.89,-21.82,-0.59,-13.51,-12.98,-8.38,3.05,-9.58,-13.61,-14.83,-2.25,2.75,1.65,-23.77
199802,20.5,5.62,17.49,-0.83,20.44,18.34,15.44,15.34,13.97,11.58,15.58,16.12,0.69,6.3,13.56,18.93,12.42,40.08,26.61,30.68,8.55,24.64,17.31,12.1,1.81,12.04,18.28,24.53,4.31,3.05,2.32,26.05
199803,0.33,-12.37,-0.53,-6.85,-2.31,1.83,3.13,-6.31,-3.06,-1.65,-0.46,-1.31,-2.26,-2.3,-1.88,-3.32,-5.23,-2.3,-1.69,-2.34,-0.97,-2.38,1.17,-0.19,0.79,1.97,-1.27,-1.35,-2.25,-3.32,-3.19,-2.73
199804,-6.29,-5.71,-4.85,-2.42,-5.05,-6.77,-4.97,-3.2,-3.47,-2.98,-5.06,-3.95,2.98,0.85,-3.29,-3.3,-4.35,-14.24,-5.95,-9.29,-3.64,-8.66,-9.31,-8.16,-0.67,-7.71,-5.53,-1.75,-1.1,-1.25,-4.41,-3.51
199805,-12.5,-8.86,-10.13,-7.36,-10.37,-12.26,-12.26,-12.53,-6.17,-8.68,-8.04,-9.21,-6.52,-7.41,-9.79,-10.69,-10.45,-17.06,-17.8,-15.43,-9.51,-13.73,-12,-11.96,-8.35,-10.44,-11.35,-17.72,-2.65,-4.14,-9.55,-16.66
199806,-18.96,-1.48,-8.53,-11.7,-10.37,-8.81,-12.35,-11.67,-6.84,-6.7,-7.63,-13.92,-6.96,-5.49,-11.25,-9.9,-4.89,-13.29,-12.13,-12.82,13.84,-5.59,-10.01,-11.74,-5.48,-9.84,-11.47,-15.37,-5.73,-1.62,0.73,-16.12
199807,2.4,9.67,-1.53,-1.92,-10,-9.15,-9.93,-7.08,-4.62,-6.14,-1.46,-5.79,-1.88,-0.55,-4.59,-4.22,-3.93,-11.08,-15.14,-10.39,-5.02,-5.78,-7.72,-6.46,-0.86,-6.57,-2.03,1.53,-1.17,2.03,1.16,6.36
199808,-18.38,-13.62,-20.91,-20.46,-12.91,-14.88,-16.92,-18,-12.4,-13.67,-14.63,-19.12,-17.17,-12.53,-14.94,-11.74,-21.52,-5.71,-16.42,-13.09,-15.47,-14.42,-15.6,-13.64,-14.9,-5.67,-11.76,-9.61,-14.1,-13.39,-9.61,-7.89
199809,1.57,-0.21,4.96,3.82,3.67,3.33,5.18,7.95,10.32,8.94,10.92,8.87,5.56,6.77,10.93,4.2,8.65,1.65,18.27,10.47,9.91,14.66,13.87,15.88,11.4,14.46,21.82,11.96,15.1,9.02,7.21,11.05
199810,10.34,6.39,8.02,7.51,18.26,31.31,23.58,18.78,17.82,28.52,24.76,22.88,5.95,11.17,18.94,17.54,34.52,33.91,53.65,13.29,32.81,16.11,22.55,37.64,8.78,29.36,17.73,4.75,8.24,9.99,6.88,5.65
199811,8.23,4.82,2.03,8.37,6.53,9.27,6.23,10.58,3.27,5.46,7.26,8.14,8.28,7.5,5.6,9.69,10.68,5.78,9.02,0.74,2.64,2.07,12.85,-0.99,4.94,4.67,11.76,9.19,16.21,5.05,5.09,3.14
199812,-5.18,0.76,-0.43,1,-3.21,-5.02,-8.29,-5.48,0.8,-3.64,-5.03,-7.55,-0.39,3.19,-0.37,-3,-13.6,-3.21,-0.44,-5.73,4.86,-2.29,-0.87,-0.51,-2.37,-0.88,-5.14,-2.85,-4.91,-0.46,-3.14,-4.68
199901,-4.21,4.41,0.83,5.46,-5.47,-1.31,-6.72,0.32,0.31,0.88,-0.85,-1.08,3.14,3.29,-1.42,3.78,-1.85,-13.19,-9.96,0.46,3.28,-0.44,-5.55,-2.58,5.45,-4.35,-4.27,3.63,3.64,6.9,2.33,-3.4
199902,1.49,-6.83,-2.13,1.53,-1.69,-2.61,-3.63,1.95,-1.34,-3.96,1.8,-4.1,-0.05,3.65,-0.82,-2.48,-1.69,-2.44,-1.93,-2.8,0.1,1.39,0.12,0.08,-1.6,-1.81,0.6,-0.49,-4.47,-0.31,-0.17,-2.77
199903,0.08,-1.19,-1.31,-0.97,3.23,5.09,4.44,6.48,3.72,3.44,4.55,3.54,8.57,2.68,4.05,2.19,16.47,23.28,12.18,8.27,11.3,10.98,11.4,9.72,7.21,13.53,8.15,1.79,2.09,6.3,10.38,3.14
199904,14.96,19.04,20.06,16.42,21.11,31.24,28.2,22.78,32.15,25.97,19.07,27.61,29.66,13.2,22.96,19.43,28.46,40.17,22.51,14.61,17.71,18.82,17.56,13.6,9.62,21.1,19.03,24.01,5.92,12.68,17.15,18.45
199905,6.05,1.42,9.69,-2.88,8.64,10.61,7.96,17.62,1.28,4.33,6.28,9.56,-0.25,-2.31,10.9,13.14,-8.32,0.4,-5.66,-2.76,-0.86,0.58,-5.97,-6.88,-9.59,-9.21,-7.16,-5.23,-1.8,-7.89,-10.21,-7.05
199906,17.07,0.65,8.21,3.35,21.36,17.37,18.6,15.77,18.51,15.61,17.91,21.17,33.61,5.3,13.08,19.28,10.84,18.9,11.35,10.06,9.2,11.58,15.66,6.93,3.87,6.7,11.28,17.13,12.7,7.62,7.65,5.79
199907,-2.94,-6.12,3.05,-2.26,-6.6,-8.53,-7.93,-3.86,-4.21,-6.41,-6.28,-4.32,-2.31,-3.01,-2.02,-2.16,-9.13,-3.13,-2.78,-2.37,-3.14,2.82,-0.64,4.05,1.04,0.49,-1.28,2.05,2.51,-2.46,-3.12,-3.71
199908,-5.11,0.84,-0.27,-8.46,-3.01,-3.72,-4.73,-3.88,-7.35,-1.18,-3.68,-2.71,0.65,-1.64,-2.65,-2.39,-0.95,2.37,2.43,-5.46,-2.44,-2.73,-1.32,-10.48,-6.95,-2.69,1.44,-0.04,1.7,-2.99,-0.86,-1.74
199909,8.53,13.84,2.44,-1.23,4.68,0.37,-2.84,4.35,5.04,0.65,-1.12,2.92,12.48,1.96,-0.89,2.63,-8.55,-2.91,-2.1,2.12,-6.84,-5.48,-1.11,0.77,-4.54,-3.71,-0.99,-1.57,-3.73,1.96,-1.17,-1.82
199910,2.04,-4.95,-2.24,-0.19,-2.36,-0.88,-0.65,-1.15,-5.36,0.29,0.79,1.06,-4.05,0.84,0.03,-3.21,0.53,-1.57,7.73,-6.29,0.76,5.86,-2.51,3.03,-2.85,-2.92,3.58,1.43,-4.21,-3.1,2.21,5.84
199911,9.15,15.37,1.02,-0.88,-0.07,8.53,1.37,1.37,0.54,3.16,1.62,8.83,8.12,4.26,5.79,3.37,7.46,9.87,14.25,0.79,4.82,16.36,3.18,12.58,18.97,2.42,3.38,4.3,9.7,10.8,6.43,-1.12
199912,17.4,12.18,23.85,7.07,7.64,9.53,15.62,4.59,7.02,5.66,7.02,16.54,18.37,5.23,7.77,11.83,10.65,14.16,8.78,21.56,5.56,14.58,11.17,11.32,2.7,5.18,5.59,6.99,13.37,7.46,6.41,10.28
200001,13.9,15.82,33.42,-1.63,7.87,-1.41,4.41,6.41,9.74,-4.45,-2.9,-5.65,-3.44,-0.4,-5.39,4.9,-15.39,-10.66,-4.23,-5.35,-11.63,-5.41,-11.12,9.48,-9.47,-3.83,-8.07,-5.12,1.94,-10.92,-11.58,-7.57
200002,15.59,5.77,33.36,0.06,8.19,6.94,3.34,7.11,7.96,0.8,2.7,1.31,1.02,12.83,-1,3.07,-3.9,-5.65,1.06,5.92,-5.41,-2.13,-12.62,13.16,-3.02,-13.22,-2.69,-3.48,-5.71,-8.72,5.97,-1.22
200003,0.06,-4.88,-3.52,4.22,1.57,5.93,-1.96,-2.04,-10.33,-3.61,0.27,-3.6,-4.22,3.03,0.09,-0.36,5.76,7.5,10.36,-8.75,2.17,11.74,6.2,-4.2,3.21,-0.41,-1.11,1.17,4.05,3.18,-8.91,3.39
200004,-30.54,-27.04,-27.03,-27.08,-18.02,-19.86,-13.16,-20.1,-18.6,-10.19,-6.33,-22.2,-23.32,-5.89,-8.06,-15.86,-2.18,-4.74,-13.49,-16.71,-1.42,-12.34,-4.21,-8.13,2.83,-0.25,4.98,0.63,-9.77,-4.6,-1.32,-1.08
200005,-13.59,-13.56,-10.52,-9.41,-7.82,-12.67,-6.89,-9.85,0.99,-8.89,-10.2,-9.17,-13.94,-3.79,-7.07,-6.57,-4.95,-13.63,-16.04,-11.48,-15.66,-12.4,-7.92,-9.6,-16.54,-1.38,-7.62,-3.34,9.88,-6.77,-2.67,-0.45
200006,5.05,11.37,11.04,0.98,4.39,4.09,6.08,2.81,3.03,11.34,9.56,11.67,9.67,8.72,6.24,8.13,8.09,15.92,15.52,27.89,12.86,11.54,8.69,18.12,16.86,14.71,10.08,8.17,10.03,10.29,4.77,16.16
200007,-1.93,0,10.33,7.88,-2.4,-2.45,0.79,-0.46,-2.16,1.08,2.37,-3.25,6.22,0.03,0.44,-1.45,0.4,2.27,2.31,7.16,5.89,-4.93,-0.88,-0.14,0.92,-2.65,2.06,-3,-6.51,-2.16,-2.81,-5.12
200008,0.12,2.98,-5.51,-5.97,2.48,2.8,5.64,-2.69,2.67,5.3,1.78,-0.13,0.31,4.16,0.97,1.25,5.89,9.67,8.35,0.14,12.21,4.82,0.06,5.58,-1.97,3.56,2.47,11.94,2.54,-4.11,5.39,0.49
200009,-18.81,-13.22,-22.83,-18.69,-13.17,-12.29,-7.56,-12.04,-9.26,-6.28,-6.39,-7.95,-8.33,-8.54,-8.41,-10.56,-8.99,-2.98,-6.96,-12.93,-5.3,3.25,-8.14,-8.07,-8.43,-7.09,-3.98,-11.2,-5.07,-5.62,-4.83,-5.19
200010,-15.03,-10.37,-1.97,-13.99,-11.61,-10.1,-6.18,-10.69,-10.15,-5.29,-5.43,-6.11,-8.38,-4.8,-2.09,-7.49,-4,-4.04,-3.27,-10.42,-8.62,-17.88,2.13,-9.2,-4.84,0.49,3.69,-10.97,-3.26,0.05,0.34,-7.48
200011,-5.43,-1.66,3.71,-10.83,-2.52,0.87,-0.47,2.23,4.09,5.08,1.51,-1.09,1.88,-0.34,0.01,-1.19,2.14,5.54,-1.81,-4.75,-2.55,-8.39,-2.59,0.53,2.35,3.29,4.12,-16.38,4.76,6.45,4.21,0
200012,-7.27,-1.68,-10.86,-11.21,-0.3,2.55,0.19,-2.93,4.44,1.52,3.72,0.56,3.19,3.29,1.66,1.41,7.74,6.85,9.56,5.98,19.13,0.02,2.62,0.85,3.07,12.15,11.96,3.12,3.95,3.24,-0.04,-4.87
200101,0.12,6.39,0.79,12.32,0.15,1.25,1.24,1.35,-0.54,0.13,1.58,0.84,-2.79,6.72,2.11,1.34,2.97,3.41,3.44,3.95,1.9,11.94,-1.05,0.5,2.2,1.16,-3.04,17.33,-2.04,4.81,1.51,10.52
200102,-2.37,-4.46,-7.29,-11.92,6.62,2.3,2.55,-0.65,-0.48,0.28,-0.87,0.56,-2.77,0.24,-0.63,-3.35,7.34,2.57,-0.92,-9.12,6.61,-1.87,-1.49,-6.96,-5.54,1.69,-3.76,-19.35,6.31,-6.75,-4.48,-4.65
200103,-17.56,-16.89,-18.74,-21.93,-12.05,-11.56,-11.34,-17.52,-13.09,-4.62,-10.1,-11.27,-13.24,-8.4,-9.69,-14.46,-11.48,-12.15,-11.87,-14.45,-15.17,-14.56,-13.26,-22.77,-9.27,-9.29,-3.56,-25.53,-8.15,-10.11,-17.42,-10.15
200104,2.42,-0.32,5.76,6.49,2.82,6.93,3.32,2.75,4.46,4.62,2.05,9.7,9.41,11.61,7.58,8.37,0.21,5.32,-0.35,3.18,-2.05,13.86,5.8,7.46,6.1,10.33,3.94,31.67,8.52,10.22,6.26,8.4
200105,7.81,5.66,-9.1,-5.49,7.34,9.58,6.44,1.92,5.65,5.15,6.6,5.63,3.01,9.35,7.29,5.14,3.97,-0.19,1.49,-0.48,0.09,-4.56,-2.54,-2.86,0.84,-0.3,-1.45,-3.42,1.82,1.33,1.85,-0.38
200106,-1.1,-0.07,3.41,-1.63,3.22,-0.58,2.32,1.69,3.7,5.12,0.88,3.07,6.02,2.29,2.12,0.69,5.78,1.47,-2.41,-4.19,1.88,3.57,2.18,4.6,5.37,3.78,3.49,-0.77,-1.59,2.53,5.53,0.83
200107,-8.73,-15.75,-13.92,-12.36,-6.72,-5.21,-10.17,-12.28,-5.08,-3.73,-4.11,-11.11,-2.87,0.99,-2.25,-5.5,0.06,-5.47,-2.92,-8.22,-0.76,1.16,-3.7,-7.96,-3.15,-1.91,0.91,-4.9,1.95,-2.45,-6.06,-5.47
200108,-4.96,-6.78,-6.48,-7.52,-2.43,-2.82,-9.79,-7.68,-0.37,-0.39,-0.51,-3.96,2.38,4.69,2.38,-0.74,-2.63,-3.4,-11.72,-1.81,3.26,-2.4,4.5,-0.88,-0.17,1.95,4.05,3.66,-7.45,7.86,3.43,4.07
200109,-14.63,-22.62,-14.7,-19.63,-10.84,-13.61,-15.93,-23.75,-11.84,-14.98,-16.86,-22.09,-18.03,-10.22,-13.51,-16.13,-13.27,-18.18,-18.34,-10.95,-8.02,-17.65,-13.74,-18.64,-16.46,-11.39,-6.4,-23.47,-14.59,-6.36,-5.51,-15.65
200110,8.83,5.22,6.34,10.55,3.29,6.13,11.25,14.91,9.2,5,7.08,11.03,13.2,7.96,9.57,7.78,3.53,3.44,9.71,1.84,0.73,4.02,7.16,12.72,5.83,0.01,2.11,14.01,0.35,1.29,5.16,5.87
200111,14.73,10.53,4.21,10.96,7.58,3.59,4.78,17.68,7.76,6.85,6.22,5.66,5.48,10.9,8.47,11.72,10.37,13.75,13.02,5.62,7.86,11.95,4.41,7.12,11.71,7.3,4.44,7.1,14.27,4.44,9.15,7.9
200112,-1.61,-2.47,5.85,-5.81,3.18,1.26,-3.5,-0.86,0.05,1.96,3.02,-0.66,3.46,1.93,2.03,2.85,5.88,6.51,4.35,6.74,4.04,9.34,2.28,-0.25,4.6,1.18,0.47,2.16,-2.26,-0.09,-0.1,2.05
200201,6.86,3.69,0.9,5.85,2.63,1.32,5.46,1.37,6.04,6.05,8.25,3.65,10.77,7.41,4.2,14.63,-1.7,-2.81,-5.85,0.95,5.5,3.29,9.79,2.5,8.63,1.62,0.64,4.02,4.74,1.86,0.61,2.92
200202,-9.42,-3.64,0.26,-1.77,-2.48,1.28,2.78,-6.2,0.72,1.92,2.08,-3.87,1.22,4.56,1.37,0.82,0.89,-8.82,-9.58,0.46,-1.28,-2.78,-1.96,-6.92,3.82,0.63,2.67,2.73,4.29,2.42,0.74,1.98
200203,0.35,-4.79,3.2,0.47,3.36,1.7,0.71,0.76,5.81,6.22,6.8,4.23,8.4,7.94,7.69,8.58,2.39,5.42,7.43,-0.44,4.73,5.41,6.02,6.07,1.39,5.16,4.25,1.54,9.67,2.89,4.66,4.33
200204,0.18,3.23,-2.85,-0.32,0.41,1.54,3.8,-5.48,0.55,3.98,-0.34,-4.86,0.31,-0.64,2.21,-0.82,9.25,8.89,-0.98,-0.71,4.24,4.07,-1.35,-2.53,-3.11,-1.93,1.39,0.99,4.63,-1.14,0.39,-1.95
200205,6.85,9.08,6.91,7.96,1.98,3.68,5.2,2.75,2.74,4.18,4.95,6.85,2.71,12.92,7.5,3.73,-2.76,-3.15,1.14,1.57,5.12,-1.23,2.85,2.08,2.83,4.77,1.3,4.29,5.19,2.97,3.24,5.42
200206,-7.87,-3.35,-12.69,-11.17,-1.46,-2.78,-5.38,-9.86,-1,-3.82,-3,-4.13,-4.76,-5.35,-4.45,-3.7,-1.78,-5.23,-14.36,-7.02,1.04,-6.53,-5.87,-10.39,-2.13,-3.27,-2.59,-2.18,-7.8,-3.98,-2.31,-5.73
200207,-16.46,-19.64,-16.11,-17.35,-13.86,-10.82,-10.4,-7.59,-9.49,-6.9,-7.33,-8.48,-1.96,-5.05,-6.99,-8.55,-6.87,-5.41,-2.71,-6.37,-5.75,-3.84,-6.16,-2.03,-0.94,-5.85,-7.2,-6.09,-5.9,-6.13,-7.71,-4.41
200208,-0.42,-3.84,5.15,-4.56,-1.69,1.31,0.83,1.43,0.73,1.63,-0.91,1.24,2.86,3.31,2.29,0.56,-4.11,-6.41,-9.1,1.57,1.01,2.87,2.94,3.68,-0.87,2.18,1.45,4.26,-2.36,2.46,3.41,2.26
200209,-9.16,-11.8,-4.76,-8.33,-8.22,-9.11,-8.15,-10.31,-4.17,-5.66,-6.73,-8.79,-4.29,-6.87,-7.7,-10.57,-9.89,-12.89,-10.27,-7.57,-7.5,-7.46,-9.01,-9.86,-3.3,2.71,-5.29,-7.35,-2.55,-8.02,-6.46,-4.37
200210,0.1,-3.82,1.79,-1.99,2.5,0.22,4.8,3.31,3.01,1.66,1.84,2.01,-0.55,4.11,3.09,1.99,3.63,6.33,5.07,17.12,5.78,0.19,3.02,8.27,2.74,2.11,4.91,-0.66,8.61,4.5,5.06,1.81
200211,-3.3,1.01,0.43,-0.45,0.56,1.89,2.49,0.41,3.94,2.47,3.27,-1.93,-10.06,3.98,0.97,-0.8,4.1,9.58,10.65,13.76,-0.22,1,1.09,-0.17,2.37,1.58,-4.08,3.72,5.24,5.22,-0.57,-1.02
200212,-1.52,4.59,8.55,2.41,-0.01,1.66,-1.9,0.84,-0.24,2.33,-0.38,0.33,1.21,0.97,0.24,0.23,-4.4,-10.36,-7.74,-7.41,-1.17,-0.92,-2.39,-3.63,0.69,-2.93,-0.84,-1.04,0.35,-1.75,-2.39,-1.36
200301,1.1,-0.64,24.22,1.66,1.32,1.33,-2.6,6.17,1.96,4.73,4.08,1.68,5.53,3.98,3.72,3.96,2.34,-1.05,-2.66,1.48,2.47,2.62,1.61,-3.39,-0.47,3.37,1.72,4.51,-5.11,1.92,5.23,6.49
200302,-3.5,-4.51,-1.73,-5.27,0.39,1.43,0.97,-3.97,2.85,2.37,1.34,-1.8,1.79,1.67,2.5,0.2,0.79,-4.22,-2.02,-5.02,-0.33,1.12,0.02,-2.76,2.44,-1.71,-1.75,0.3,4.46,3.91,-0.84,-7.24
200303,-5.91,-3.44,-10.62,-5.5,-4.83,-3.75,-5.79,-5.33,-0.61,-1.64,-2.29,-1.09,-2.44,0.04,-2.57,-4.06,-4.63,-7.4,-8.34,4.76,0.23,-4.17,-0.74,-0.76,-2.39,4.18,4.53,-3.2,0.02,-2.12,4.83,1.93
200304,1.33,4.05,-2.22,-0.27,-2.83,0.84,0.11,5.09,-1.86,1.8,1.85,0.25,5.34,4.79,3.33,1.33,3.3,3.16,-1,6.91,-0.81,2.16,4.02,4.15,0.63,7.24,6.11,8.9,1.59,7.28,7.56,5.99
200305,7.1,18.09,8.06,-0.94,15.19,21.91,13.12,7.63,16.98,12.11,11.74,7.53,12.17,9.72,9.7,8.38,10.9,6.17,7.64,7.33,9.11,8.63,7.44,10.29,6.99,4.22,6.14,3.17,1.16,3.99,5.97,9.44
200306,6.07,7.91,6.96,1.46,0.87,1.44,4.37,-0.94,6.07,5.85,6.22,6.93,9.83,7.33,5.68,4.66,4.5,0.47,1.64,0.29,3.39,5.18,7.74,4.82,0.7,5.11,6.35,4.21,4.97,4.38,4.2,2.69
200307,12.23,7.59,14.3,7.01,5.45,5.28,9.35,6.77,12.2,9.16,10.89,10.36,11.22,9.59,9.57,9.98,1.53,11.63,9.85,6.64,2.28,4.81,4.55,2.36,4.48,2.26,-0.11,6.2,3.32,-3.2,-1.39,0.96
200308,14.2,10.35,11.72,18.26,18.88,18.24,14.06,8.08,9.96,8.65,9.48,7.52,3.55,4.27,6.8,7.54,12.21,14.72,5.01,8.85,9.14,7.9,9.24,3.38,4.96,5.45,0.47,6.51,5.04,-0.87,2.05,1
200309,7.72,15.43,10.88,9.05,10.02,8.37,4.69,7.79,7.28,7.95,9.43,9.04,5.89,11,9.28,8.89,8.46,7.07,9.04,0.73,1.24,5.11,5.24,5.63,6.52,7.68,6.98,2.14,3.06,4.93,3.77,8.42
200310,1.75,19.34,12.93,5.7,1.38,4.21,4.44,10.02,8.56,5.46,3.65,9.1,7.69,7.41,7.31,5.43,5.8,5.06,4.28,6.2,5.91,9.68,5.75,6.52,4.51,7.17,5.05,8.08,7.6,5.24,2.61,10.42
200311,-0.91,-4.15,1.86,-3.58,0.36,0.6,1.91,2.13,-0.44,-0.23,0.68,2.62,0.49,0.64,1.16,0.28,-2.67,-2.93,0.46,-3.55,-3.48,-1.23,2.34,4.33,-1.2,3.04,1.97,1.32,3.41,1.1,2.3,-1.09
200312,6.81,0.86,1.79,3.24,1.91,2.68,5.4,5.19,-2.05,4.78,3.22,7.47,3.12,7.12,4.46,3.2,6.34,3.34,2.24,1.35,5.78,6.12,-0.5,5.08,6.53,4.24,8.88,8.4,8.95,6.06,3.5,2.51
200401,8.59,0.09,7.83,5.64,10.98,11.75,14.26,5.79,5.06,5.79,7.45,7.31,6.13,6.06,4,2.76,7.65,14.09,9.84,9.88,4.71,2.27,10.12,-0.12,0.58,2.5,2.77,-0.22,-0.45,2.35,1.26,4.22
200402,7.31,3.74,6.8,3.83,3.3,7.41,5.16,7.12,5.45,4.07,4.02,4.45,4.42,2.98,4.75,3.58,3.41,1.47,0.47,0.38,3.3,0.21,1.75,1.68,2.29,5.38,5.11,8.72,3.41,2.3,3.17,8.29
200403,-4,-2.6,-4.89,-3.69,-7.04,-6.37,-8.99,-1.88,-7.28,-2.99,-3.2,-3.45,-3.27,-1.77,-0.43,-3.35,1.12,-5.4,-4.03,-9.28,-2.83,0.7,-1.89,2.36,3.88,-2.31,3.52,0.82,-2.86,0.42,-0.25,0.6
200404,-10.78,-9.03,-10.06,-13.42,-8.15,-7.71,-10.93,-7.58,-6.14,-6.39,-6.03,-7.12,-3.28,-5.71,-6.76,-7.17,-5.36,-6.09,-1.98,-5.34,1.4,-3.42,-3.5,-10.92,-5.26,-4.67,-9.8,-5.64,-5.44,-6.42,-5.47,-4.88
200405,-4.51,-3.42,-0.99,-5.17,-3.93,-1.71,0.31,-1.2,-0.76,-1.46,-1.83,-0.26,-5.36,-0.73,-1.63,-2.73,-1.18,-1.03,-0.94,1.29,-0.59,0.67,0.14,2.33,1.07,0.34,1.71,-0.27,1.47,-0.11,1.64,3.26
200406,-5.38,-5.3,-2.49,-4.7,-0.41,-2.25,-0.13,1.73,-1.97,0.5,2.39,-1.16,3.8,0.66,0.03,-0.91,2.81,-1.41,-0.68,2.14,-1.48,2.02,0.21,2.47,2.08,0.98,-0.98,1.01,1.68,0.65,-0.5,1.73
200407,4.03,-0.4,3.92,-0.92,-1.46,1.33,3.02,1.28,13.5,1.94,1.47,0.66,6.53,3.84,2.46,1.63,2.15,4.12,4.72,0.85,-0.59,-0.2,0.09,2.88,1.79,1.91,-1,1.21,0.82,3.92,-1.28,1.5
200408,-0.93,6.01,-3.29,-12.65,-1.46,0.64,2.99,0.32,-5.18,-0.24,2.01,0.5,2.84,1.55,2.6,-0.09,6.01,8.94,4.02,12.32,-5.77,3.32,0.72,1.7,6.23,5.39,2.18,2.85,1.01,2.58,1.99,3.6
200409,4.33,8.13,5.07,3.16,3.6,6.83,3.92,8.07,13.37,6.25,5.61,7.58,7.52,5.38,5.87,6.4,1.34,3.81,6.58,2.35,7.84,4.96,3.4,7.05,5.36,6.29,5.61,4.29,5.59,10.89,5.79,7.12
200410,6.65,5.24,13.76,6.95,4.74,1.49,3.13,10.3,1.97,2.16,4.59,4.66,4.97,4.1,5.38,4.08,0.48,1.84,4.33,-0.01,0.42,1.4,4.08,3.19,7.51,6.27,4.63,2.57,3.44,2.69,6.32,1.4
200411,7.94,9.84,28.48,15.86,14.56,10.18,16.23,9.72,10.74,7,8.81,4.42,5.46,4.77,5.74,8.28,12.99,13.89,10.06,15.08,3.52,7.08,3.15,8.31,0.77,7.89,6.6,4.55,7.33,12.44,5.77,3.94
200412,-3.09,-3.22,-5.7,-3.83,4.24,1.19,8.97,7.73,-5.2,2.52,6.91,-0.49,3.26,3.01,1.27,1.49,2.43,1.36,2.84,3.9,5.96,2.86,3.77,4.82,2.67,4.17,1.96,2.62,1.6,1.79,4.45,4.44
200501,-1.91,2.39,4.92,-3.44,7.64,2.59,-1.48,-3.13,2.73,3.25,4.57,6.18,4.25,2.15,2.55,3.22,-4.63,-1.78,1.51,-1.9,-4.55,-1.52,0.06,-0.88,6.65,-0.96,1.3,0.19,1.28,2.1,-1.68,-0.23
200502,1.1,0.29,8.16,1.57,0.31,3.78,3.28,4.48,3.98,2.64,4.3,4.36,-0.62,2.13,4.8,1.57,2.77,5.3,2.93,1.14,0.31,0.76,4.11,1.52,2.24,3.5,3.68,3.09,5.95,13.47,2.37,8.32
200503,-4.15,-3.94,-11.66,-5.51,-3.88,-3.35,-2.54,-1.88,-4.32,-3.95,-0.99,-2.83,-5.17,-3.28,-3.45,-3.79,-3.12,-1.57,-4.63,-4.53,1.5,-3.05,-2.48,-4.77,-3.74,-2.39,-3.36,-2.26,0.35,-5.2,-2.84,-1.6
200504,-3.39,-9.11,-8.19,-7.61,-2.41,-2.75,-3.39,-0.64,0.81,-1.23,-1.4,-2.18,-4.05,-4.87,-3.36,-4.12,3.27,3.15,6.39,3.99,-6.84,-0.01,0.6,-1.82,-1.79,-1.27,-0.27,-0.95,-2.15,-6.78,3.03,0.37
200505,-4.56,-4.98,-7.85,-1.55,-6.97,4.28,-3.34,-8.71,-3.39,-1.77,-2.32,-2.52,-3.98,-0.65,-3.37,-2.68,-0.02,-0.71,-2.91,-0.89,3.24,3.19,-0.32,-0.3,2.73,-1.15,0.72,0.61,0.5,1.07,-0.64,-0.5
200506,2.39,1.57,1.67,-6.22,3.62,3.25,2.65,2.64,2.78,3.15,1.16,2.61,3.68,2.55,3.25,2.25,3.77,3.64,2.83,4.16,2.96,3.52,1.7,5.29,5.49,6.15,4.4,4.46,6.03,7.52,4.17,3.11
200507,2.7,6.18,6.88,4.01,2.33,0.26,-0.68,6.27,7.09,0.93,1.7,2.17,1.74,4.76,3.23,3.14,8.51,7.13,8.01,4.63,3.26,6.46,4.32,5.76,1.76,1.8,1.21,-0.56,1.52,3.24,4.26,4.75
200508,-0.05,-0.01,1.87,3.47,5.27,2.18,3.4,1.99,-2.58,0.14,0.83,1.78,-0.26,1.12,1.45,1.75,-0.2,-0.25,-1.94,1.73,1.87,0.22,-1.61,-0.68,1.05,-0.75,2.56,1.65,-2.2,2.05,-0.15,0.85
200509,3.32,15.79,7.03,5.97,4.19,7.03,5.4,11.5,2.53,4.24,1.7,7.72,2.16,3.46,1.45,2.97,2.61,3.06,-0.48,3.74,-0.65,2.41,3.53,4.33,4.6,3.2,5.82,10.17,-1.28,7.45,6.9,9.21
200510,-7.44,-0.61,-5.19,-5.61,-1.83,-5.34,-5.29,-6.7,-3.81,-3.25,-4.01,-7.44,-5,-3.65,-4.72,-3.87,-4.51,-7.92,-6.9,-9.18,-5.4,-5.35,-5.43,-2.44,-4.84,-4.26,-8.08,-7.41,-2.41,-5.79,-5.84,-6.84
200511,3.87,0.26,-4.02,-2.23,2.98,3.31,0.61,2.8,0.88,3,2.27,0.11,0.56,3.04,2.95,2.73,1.11,3.13,2.92,5.09,5.23,4.45,4.47,6.56,2.3,3.22,5.96,4.68,-0.73,3.58,0.4,5.61
200512,4.03,0.78,-3.08,-3.39,2.42,1,4.14,-1.16,4.69,1.76,1.85,2.72,1.3,-0.23,0.96,2.48,2.67,0.93,4.28,0.49,2.31,1.09,2,2.6,2.87,1.98,3.38,1.27,2.51,3.24,0.65,5.85
200601,8.91,4.87,7.69,11.42,6.36,5.14,10.56,15.2,6.34,3.63,6.61,10.43,7.13,3.96,7.08,8.94,5.34,4.94,6.37,8.91,8.8,6.52,6.38,5.18,5.6,3.46,9.12,7.03,3.01,10.42,7.18,3.65
200602,2.35,1.39,0.39,-1.49,4.25,5.63,0.82,2.41,4.4,3.54,3.43,-0.18,2.94,1.88,1.66,2.06,4.51,-0.31,3.21,1.07,0.53,2.44,-0.41,3.73,0.1,2.57,-2.42,-3.05,0.6,-3.75,-3.29,0.4
200603,4.87,4.51,1.11,4.67,12.59,11.04,9.25,9.41,4.6,6.1,4.08,5.61,-0.71,1.35,1.45,7.13,5.13,-0.46,4.21,8.16,2.1,0.14,2.18,1.87,2.05,1.23,-0.23,0.59,-1.36,4.46,3.04,4.01
200604,7.47,10.99,8.45,11.17,6.97,2.26,6.07,9.73,5.84,5.4,5.5,8.42,7.78,5.9,5.11,3.74,4.36,6.78,4.44,8.76,3.49,9.57,7.26,6.38,4.21,5.8,8.82,10.04,7.63,7.37,6.27,8.23
200605,-5.44,-11.82,-6.53,-10.77,-7.25,-3.13,-4.97,-4.18,-5.77,-2.01,-3.44,-7.51,-3.02,-5.72,-5.58,-5.36,-6.56,-6,-5.33,-6.8,-6.06,-5.3,-7.26,-6.92,-6.14,-6.7,-6.14,-6,-5.45,-3.21,-3.78,-0.44
200606,-4.7,-10.5,-7.39,-7.61,-1.01,-2.69,-2.37,-7.08,1.04,-0.69,-1.43,0.7,-0.55,1.31,-1.39,-1.75,1.75,-0.38,1.11,1.74,-0.28,3.5,0.31,2.02,0.09,0.49,0.72,0.65,-1.73,1.01,1.85,-8.21
200607,4.29,8.25,3.24,4.58,1.3,0.39,-0.51,5.88,4.49,2.21,0.75,2.06,5.41,2.99,4.36,1.8,2.01,1.32,1.33,2.29,1.61,2.54,5.12,1.83,1.57,-0.18,-0.1,2.24,1.49,1.78,-0.6,3.15
200608,-3.12,0.27,5.41,0.27,2.36,5.49,3.09,2.96,7.91,3.19,1.11,2.21,6.41,1.05,2.74,1.91,1.24,3.68,4.53,1.59,4.97,4.41,2.8,2.03,0.77,3.32,6.79,0.22,4.13,3.75,0.45,8.55
200609,2.65,-2.43,0.02,-6.72,-0.45,2.33,-2.44,-3.84,7.32,3.9,1.58,-1.49,-1.14,1.78,2.01,-0.45,-0.12,0.05,0.95,-1.59,1.43,1.97,2.4,3.18,1.97,0.43,0.04,0.38,1.52,-1.08,-3.75,4.87
200610,9.05,12.26,17.87,17.28,4.52,5.75,4.13,11.26,6.11,5.39,5.33,9.13,11.5,6.04,6.74,9.46,4.37,3.23,2.19,4.44,8.11,3.63,3.83,7.43,9.56,4.99,9.66,7.48,9.05,8,7.77,6.79
200611,7.93,6.26,15.94,8.83,12.63,8.3,5.8,7.49,6.21,5.19,4.95,4.72,6.76,5.42,3.25,7.41,6.59,6.1,6.52,8.12,6.34,4.35,7.99,3.18,8.3,5.69,5.78,5.27,1.97,3.8,1.75,2.56
200612,4.2,4.64,4.69,3.56,0.71,3.39,-0.54,2.91,3.69,2.89,4.48,2.38,3.98,1.63,3.85,2.59,5.18,5.01,3.05,5.64,4.43,7.78,2.97,8.35,8.4,2.95,3.72,3.59,3.89,7.28,0.41,7.26
200701,9.34,7.46,-1.39,3.27,10.29,5.42,5.15,6.16,5.63,6.13,7.39,5.78,7.47,2.77,5.35,5.94,0.87,4.76,4.33,3.64,5.76,1.76,3.57,2.65,4.75,2.18,0.45,-0.41,1.18,0.97,0.18,-2.48
200702,4.6,2.55,-1.62,0.34,2.02,5.35,8.04,5.86,1.39,3.23,1.87,1.77,1.2,3.31,2.25,4.66,-0.84,-0.41,1.08,0.22,2.55,-0.19,-0.01,-1.67,-1.05,1.11,1.38,0.81,2.79,3.57,3.65,2.69
200703,13.08,8.8,8.68,8.99,7.9,8.99,13.04,8.21,4.75,5.1,5.99,1.1,3.7,2.31,4.94,3.24,1.77,4.74,1.92,5.48,8.32,2.33,4.79,2.88,4.19,5.07,4.33,5.07,5.83,3.28,9.49,6.78
200704,7.32,7.37,16.13,13.32,10.99,9.3,9.19,11.14,8.45,10.64,7.81,6.04,8.96,5.7,6.52,8.09,5.29,2.71,1.99,4.89,3.49,3.1,4.55,6.62,3.68,3.7,5.95,6.45,7,7.38,4.14,2.81
200705,7.03,5.69,5.19,10,24.06,18.92,21.76,7.07,9.65,8.35,7.32,8.23,2.77,3.37,5.36,6.89,2.07,2.99,3.5,4.86,3.06,3.13,3.95,1.61,2.21,1.01,-1.21,2.94,-0.14,6.68,6.21,0.38
200706,9.62,2.35,0.29,7.58,7.85,9.9,-0.37,4.13,8.18,7.4,7.54,6.44,5.23,5.03,4.98,5.43,1.28,0.49,3.08,-0.82,2.34,-0.2,1.78,-0.95,-0.34,0.33,3.56,3.76,2.73,4.51,6.86,1.87
200707,13.13,1.53,0.78,0.08,4.76,6.8,11.11,4.24,1.95,9.22,7.22,1.4,0.55,2.07,3.87,1.37,-1.23,2.93,2.31,0.05,-1.06,4.33,1.27,5.29,-0.65,2.52,8.88,1.63,-3.19,-0.22,1.35,4.44
200708,-16.47,-15.18,-19.34,-17.36,-13.6,-13.91,-18.09,-17.38,-13.93,-11.41,-13.84,-10.98,-12.07,-8.68,-9.09,-10.65,-6.27,-1.31,-6.03,-9.1,-5.07,-3.39,-3.65,-9.75,1.66,-1.31,-2.31,-5.23,-5.09,-0.92,0.26,-1.85
200709,2.79,9.31,9.39,9.2,15.05,10.49,8.88,14.94,11.45,10.6,8.55,7.88,6.68,6.51,8.94,10.81,7.57,12.02,10.24,18.9,13.75,13.27,10.43,12.48,9.41,9.43,6.41,17.45,11.22,19.25,16.22,23.9
200710,7.68,10.03,14.97,12.1,11.96,2.64,8.38,10.26,3.03,4.19,2.14,0.16,5.82,4.85,3.53,9.2,16.03,9.09,12.22,8.09,6.27,9.57,9.2,5.28,2.5,9.37,6.69,10.98,8.65,7.59,12,13.59
200711,-9.28,-5.32,-7.32,-9.28,-10.64,-5.4,-7.1,-8.93,-8.61,-6.56,-8.37,-10.03,-6.53,-6.39,-8.28,-12.07,-1.58,-6.16,-3.79,-4.61,-6.21,-3.8,-5.36,-11.04,-4.87,-7.23,-0.41,-6.87,-6.25,-5.28,-7.9,-8.49
200712,-3.04,-6.06,-3.84,-2.7,-4.64,-3.39,-3.39,1.37,1.5,2.88,-1.21,-3.94,-2.6,0.51,0.79,-1.76,-4.71,-2.81,1.39,-0.11,21.1,-0.95,5.16,-4.06,0.92,-0.48,-1.65,7.46,-2.2,-6.09,-1.45,-2.17
200801,-17.33,-16.88,-19.01,-19.39,-17.07,-12.99,-17.95,-14.39,-18.2,-12.68,-12.21,-17.84,-14.16,-9.03,-12.1,-18.53,-9.6,-12.38,-7.44,-15.8,-6.02,-9.53,-13.44,-12.77,-6.18,-8.62,-14.36,-17.1,-7.62,-6.9,-12.96,-18.14
200802,8.94,17.42,8.27,8.9,5.76,2.9,4.07,7.34,9.22,3.4,4.57,7.52,2.9,3.28,3.25,1.42,-1.25,2.32,-4.56,13.24,2.83,1.36,0.56,-5.97,3.5,-3.45,5,7.93,8.66,6.12,8.53,5.04
200803,-14.84,-8.54,-14.73,-11.91,-12.64,-8.71,-13.04,-7.94,-4.96,-7.33,-8.1,-11,-8.75,-7.25,-7.45,-11.01,-3.96,-5.61,-3.8,-11.84,-8.78,-1.28,-5.56,-8.72,-0.8,-2.64,-5.09,-6.05,-5.62,-7.26,-6.14,-8.63
200804,0.88,15.54,6.06,5.76,2.3,2.62,6.38,7.19,9.55,4.66,4.42,8.32,4.66,3.14,3.42,3.39,3.37,10.26,7.89,11.93,4.94,7.46,6.53,10.3,4.32,6.23,3.15,10.2,5.33,13.99,5.79,6.23
200805,7.44,21.51,4.07,18.73,1.76,9.05,1.78,15.34,5.66,3.03,1.08,-0.4,0.19,1.99,2.84,3.19,2.37,-3.28,-0.46,18.96,0.42,2.01,9.12,-4.71,3.51,0.46,-2.66,7.83,2.67,5.96,7.31,-2.08
200806,-5.66,-2.48,-9.11,-6.32,-13.71,-9.35,-5.22,-5.4,-8.49,-8.24,-9.24,-8.61,-9.07,-9.11,-9.45,-8.74,-7.81,-13.34,-11.24,-5.42,-7.39,-8.69,-12.8,-11.96,-6.2,-6.82,-7.83,-10.09,-9.52,-4.34,-5.3,-14.17
200807,-8.53,-14.52,-14.76,-16.13,-9.15,-9.46,-12.01,-14.73,-3.75,-4.54,-8.33,-9.49,-0.61,-2.76,-4.11,-6.59,-11.54,2.69,1.37,-18.49,-1.82,-0.18,-2.41,-8.63,-1.15,-6.75,-1.38,-8.46,-0.5,-5.98,-9,-7.38
200808,-10.71,-9.41,-11.34,-16.88,-14.62,-11.7,-17.33,-17.81,-8.13,-8.96,-10.36,-13.77,-5.29,-5.62,-7.83,-6.49,-5.07,-4.95,-10.98,-13.36,-6.44,-5.24,-10.69,-11.63,-3.68,-7.68,-3.15,-12.08,-6.08,-0.47,-4.49,-10.94
200809,-20.74,-20.56,-28.17,-28.14,-19.02,-19.45,-22.8,-25.56,-16.58,-15.03,-19.27,-19.36,-16.78,-14.91,-15.34,-21.64,-18.14,-26.41,-22.53,-30.5,-12.49,-13.12,-19.5,-23.03,-8.81,-12.48,-8.24,-28.46,-10.78,-10.12,-24.66,-25.2
200810,-33.97,-39.62,-42.69,-35.45,-31.81,-32.37,-40.41,-37.66,-25.32,-25.69,-31.12,-37.59,-28.77,-26.68,-30.45,-38.19,-25.01,-17.5,-21.19,-34.79,-18.96,-25.8,-28.05,-23.15,-25.73,-27.91,-23.37,-40.17,-21.37,-25.03,-27.12,-27.31
200811,-8.38,-3.48,-10.52,-14.87,-2.17,-4.91,-5.52,-7.49,-5.25,-5.02,-5.74,-3.86,-5.95,-5.63,-8.26,-12.15,-4.81,-2.06,-5.13,-10.16,-3.18,-8.92,0.74,0.7,-0.42,-7.59,-11.57,-9.93,-3.55,-6.06,-1.8,-25.89
200812,3.2,1.1,11.21,18.55,8.83,13.02,22.39,17.54,8.29,9.15,7.27,13.03,3.58,9.62,5.98,9.31,3.38,7.57,14.33,12.5,7.01,5.24,7.47,12.4,4.76,9.52,0.28,21.96,6.39,6.42,8.9,5.74
200901,-7.75,-8.42,-8.13,-11.22,-3.89,-1.06,-4.87,-6.33,-3.84,-6.57,-9.22,-6.97,-7.81,-7.98,-9.45,-10.68,-2.93,1.85,-11.49,-8.49,-6.69,-3.12,-4.15,-9.83,-5.62,-12.1,-8.37,-5.16,-10.63,-8.71,-12.4,-7.95
200902,2.68,-2.18,6.39,1.02,-2.63,2.17,-1.73,6.63,-2.31,-4.05,-1.37,-1.23,-11.01,-3.98,-2.05,-3.68,-6.05,-12.43,-9.28,5.27,-7.81,-8.73,-11.06,-5.16,-4.19,-7.01,-0.52,-7.16,-7,-4.09,-0.13,3.69
200903,16.91,16.22,11.41,16.96,3.58,2.09,7.85,17.66,4.54,1.83,4.79,4.6,10.67,3.25,8.65,14.21,9.99,11.06,13.21,8.92,11.57,3.84,12.57,15.04,4.11,13.15,16.11,20.15,6.5,7.12,17.88,20.11
200904,17.43,11.27,10.75,16.06,9.41,11.85,8.2,16.47,10.69,13.57,13.36,17.89,11.52,12.47,16.66,17.74,12.08,18.83,17.07,21.83,5.2,19.21,20.03,13.44,6.74,15.8,12.74,23.12,11.77,11.43,9.1,21.39
200905,24.58,45.76,41.25,24.58,29.31,28.55,28.94,34.4,26.95,27.52,30.59,34.29,21.03,22.55,26.6,34.58,16.17,24.94,33.59,29.41,18.66,23.12,25.46,20.46,10.47,17.11,9.32,27.71,8.04,11.57,16.31,15.99
200906,-1.15,-2.63,1.48,-1.99,-0.8,4.85,-4.93,3.5,1.61,-0.43,0.06,1.82,3.66,2.44,2.38,2.07,-2.87,-2.36,1.44,2.87,2.15,-0.81,0.64,1.74,2.48,2.98,5.25,1.85,4.9,4.7,1.4,2.83
200907,6.29,12.72,11.73,10.24,14.51,7.99,14.57,11.6,14.26,13.22,13.84,14.4,16.25,14.9,15.51,12.83,11.43,11.56,19.56,14.08,11.3,13.34,13.27,14.79,7.4,11.57,14.19,13.94,17.16,10.06,8.98,12.62
200908,-3.61,1.29,2.54,-1.53,-9.09,7.55,-0.9,6.08,0.98,3.73,4.2,0.43,4.44,8.79,5.99,12.33,0.74,-5.77,-8.43,-2.63,-3.51,-1.25,-0.09,1.84,2.49,-0.58,10.72,7.61,-2.22,-0.05,5.93,2.11
200909,13.88,11.15,13.33,15,6.92,8.04,12.79,10.29,5.51,9.32,6.01,5.31,4.72,8.66,8.99,11.74,7.21,10.66,7.14,7.22,4.5,5.26,13.12,8.34,6.5,6.05,13,9.72,8.74,7.33,9.53,8.04
200910,4.83,2.91,4.38,4.68,6.14,1.59,3.24,3.25,5.84,2.33,5.53,2.84,4.82,2.48,2.24,-0.9,2.71,2.74,5.5,4.23,2.04,0.46,1.45,4.03,-0.35,-1.46,0.92,-2.67,3.89,2.35,-0.57,-0.43
200911,4.3,5.24,3.56,9.79,7.18,3.12,2.44,6.15,7.74,5.27,6.03,2.58,0.63,2.45,3.39,0.88,6.72,-1.22,-1.56,6.3,-2.03,0.84,-0.39,5.33,1.34,2.07,-0.22,2.58,6.07,5.41,1.14,7.6
200912,-1.85,-11.5,3.43,1.03,-1.45,-1.4,1.82,-3.47,5.05,3.67,3.95,4.63,6.13,2.86,2.66,5.13,4.85,2.12,2.08,3.7,3.95,3.6,1.27,1.72,1.22,4.57,2.15,2.21,3.01,1.72,1,1.87
201001,0.74,-6.12,-3.44,1.11,-2.96,-3.95,-5.73,-3.96,-1.17,-2.19,-2.33,-3.89,2.49,-1.72,-1.78,-4.37,-7.04,-8.98,-12.52,-13.37,-2.51,-3.95,-8.36,-10.63,-4.03,-5.71,-3.93,-4.8,-7.54,-6.08,-6.84,-7.78
201002,-0.12,-3.05,-2.53,1.37,0.88,0.43,-0.48,-0.59,3.77,2.53,1.43,0.08,0.08,1.06,2.01,-0.79,-0.08,3.27,6.07,2.16,3.66,0.06,2.28,7.3,1.69,1.95,5.28,-0.55,2.31,-1.82,2.91,5.01
201003,5.28,9,3.8,8.84,6.25,5.4,3.81,9.61,8.25,7.61,3.91,16.22,9.98,7.41,6.61,7.13,5.78,6.07,5.67,8.42,4.03,11.45,8.07,10.48,4.38,3.75,8.66,8.43,8.29,6.41,9.01,10.26
201004,5.66,-2.79,4.13,-0.13,5.24,4.12,2.1,1.92,-0.96,4.7,5.17,-0.32,8.5,4.21,5.4,5.21,2.11,-1.61,-3.7,-3.14,-1.52,3.62,0.92,-0.31,3.64,2.17,1,2.7,-1.7,5.37,0.06,-4.11
201005,-18.23,-16.63,-15.21,-19.4,-14.35,-13.59,-16.83,-15.82,-10.31,-14.42,-10.65,-16.73,-14.1,-13.1,-13.44,-19.5,-10.4,-6.4,-7.97,-11.99,-11.39,-6.37,-10.18,-10.04,-9.69,-7.81,-17.26,-15.92,-13.27,-12.62,-13.19,-14.74
201006,-6.37,-4.21,-3.56,-7.7,0.11,-3.47,-4.63,-3.02,2.02,-0.1,0.36,-3.05,-0.34,0.68,-0.2,-0.3,0.63,2.07,1.49,-4.35,-0.56,3.46,1.86,0.13,-0.28,1.98,-3.67,-4.98,0.32,4.19,-0.98,-2.32
201007,15.62,11.56,9.27,15.03,6.17,8.36,14.12,6.02,4.12,7.58,7.38,2.85,8.64,9.68,8.81,8.65,10.52,8.66,6.63,9.33,8.65,9.63,6.57,6.35,9.42,13.36,7.45,12.14,9.15,11.81,6.2,8.69
201008,0.65,1.66,0.11,-3.91,3.99,-0.19,-0.89,-2.09,-4.9,-0.27,-0.53,-3.14,-2.93,1.5,-1.09,-0.02,0.52,2.26,-1.88,6.92,-0.77,-0.23,-0.65,0.62,1.09,-1.79,1.96,-0.64,-1.46,-7.75,0.55,-0.93
201009,21.58,14.86,23.21,23.37,12.86,16.2,18.42,18.27,7.51,10.65,12.24,10.8,13.76,14.25,14.4,16.28,13.16,18.94,12.57,11.19,12.96,14.1,11.37,12.07,8.96,17.07,12.17,10.72,15.82,12.26,11.52,12.5
201010,11.24,6.49,-1.76,9.35,4.56,6.51,7.1,4.79,3.2,5.64,3.65,2.9,3.81,4.95,4.38,5.41,6.51,1.81,4.72,6.6,0.56,3.47,2.53,6.6,1.67,2.2,4.14,0.98,5.83,7.73,2.5,6.71
201011,-1.16,1.48,9.78,-1.42,-3.62,3.23,2.43,3.44,-2.29,3.55,0.65,-1.43,-0.61,1.66,-2.15,-2.44,-0.14,-1.52,3.38,-8.15,0.08,-3.76,1.85,0.74,-0.82,-1.21,3.67,-3.19,0.81,-0.44,-2.29,-3.91
201012,20.56,15.92,10.6,18.41,4.86,10.5,12.27,11.19,-0.43,3.85,8.48,5.42,8.05,7.4,7.63,10.23,10.31,4.55,4.56,8.11,8.94,4.55,4.13,6.1,5.14,5.56,2.94,7.55,4.96,10.71,7.78,10.53
201101,-2.56,-0.82,-12.06,-4.61,1.12,1.89,-4.23,-4.53,-1.85,1.67,-1.09,-1.78,2.52,-1.19,-1.14,-2.56,-2.15,2,-0.51,-4.87,0.8,2.18,-1.66,-3.99,-0.58,-0.15,1.28,-1.09,0.55,-3.46,-3.16,0.47
201102,3.76,1.05,5.37,-0.44,4.07,0.62,1.24,0.82,-1.11,-1.25,-2.63,-1.82,-0.37,0.02,-1.63,1.97,-0.1,-3.01,-0.53,-4.77,0.64,-0.89,-5.13,1.66,-2.19,1.39,-1.56,2.08,-3.03,5.37,0.66,0.1
201103,-1.39,2.31,-1.03,0.72,6.41,-0.9,-0.57,1.88,-0.93,0.79,1.34,1.36,1.62,0.82,2.71,1.82,1.32,3.81,0.39,4.27,-0.47,0.33,4.03,3.4,1.7,3.6,-1.13,3.88,1.81,3.51,3.83,1.53
201104,2.98,8.27,-0.86,2.05,0.16,4.9,0.99,0.7,2.36,2.76,6.31,3.87,8.03,4.74,4.2,4.21,1.01,-0.8,3.15,6.05,4.42,3.81,4.1,3.89,5.41,6.29,4.37,7.3,3.15,5.78,5.04,6.39
201105,-5.35,-3.08,-9.01,-11.03,-8.88,-3.07,-2.24,-7.11,-4.64,-3.43,-3.93,-3.64,-9.95,-3.48,-2.83,-2.94,-1.29,0.06,-0.5,-8.16,-1.99,-2.09,0.04,0.49,-0.8,-1.83,-3.59,-3.48,-1.44,-4.09,-2.52,-1.95
201106,-5.58,-7.48,-9.23,-8.17,-9.24,-8.34,-9.99,-11.42,-11.26,-4.42,-0.76,-5.25,-3.04,-3.84,-2.2,-1.93,-4.73,-5.85,-0.55,-4.65,-1.83,-3.49,-2.9,-1.68,-1.4,-0.91,-0.84,0.36,-4.21,-0.85,-2.28,-5.18
201107,6.08,4,10.02,5.98,2.44,3.64,5.68,3.53,-0.37,2.22,-0.33,1.68,3.73,2.43,2.08,1.78,3.54,4.08,3.32,4.51,-1.69,3.42,4.6,4.09,0.47,-2.59,2.26,-2.69,3.09,-0.85,-0.36,-1.61
201108,-10.41,-6.82,-15.16,-10.04,-12.36,-10,-10.26,-9.1,-8.61,-10.02,-8.54,-10.63,-8.16,-7.34,-7.5,-9.45,-7.85,-10.23,-6.72,-13.57,-5.11,-8.84,-6.73,-7.73,-11.53,-3.15,-5.26,-6.33,-2.77,-6.15,-7.8,-5.86
201109,-19.05,-21.78,-21.77,-21.1,-17.41,-18.84,-18.65,-20.43,-15.73,-13.05,-14.58,-16.85,-14.49,-14.58,-13.75,-17.26,-13.54,-15.7,-17.48,-23.49,-12.87,-12.54,-12.97,-17.78,-17.81,-13.34,-16.97,-19.8,-11.88,-14.04,-19.23,-20.05
201110,15.27,6.54,7.94,13.35,12.15,10.5,15.95,10.73,11.85,9.91,8.05,9.69,11.36,11.96,12.22,11,14.01,12.7,9.1,11.76,15.52,11.83,9.9,15.62,16.79,18.91,14.38,16.06,11.91,10.79,16.32,18.19
201111,-8.1,0.26,-16.08,-7.58,-8.95,-7.12,-5,-9.08,-7.64,-4.6,-4.1,-5.4,-7.07,-2.81,-4.88,-6.34,-6.33,-5.22,-9.76,-7.26,-7.6,-5.48,-8.76,-6.29,-9.14,-6.71,-5.75,-5.95,-1.81,-4.29,-8.74,-9.57
201112,-2.57,-11.43,-5,-7.29,-3.72,-1.73,-5.5,-4.04,0.72,-1.41,-0.73,-2.86,-2.77,-1.93,-1.67,-3.63,-1.89,-5.46,5.4,-4.17,-2.54,0.41,0.74,-0.02,-3.58,-0.28,-1.65,-3.55,0.34,0.25,-1.37,-0.8
201201,8.14,-0.67,13.97,10.05,9.19,4.92,7.89,12.62,6.34,8.39,6.11,8.53,8.51,8.51,8.25,7.74,8.49,17.2,9.55,17.68,6.29,8.57,9.11,9.84,14.48,7.99,10.95,15.35,4.76,6.13,13.26,14.55
201202,9.74,18.02,8.57,7.39,16.53,11.83,5.26,7.05,6.56,6.46,8.69,7.98,7.03,7.06,8.51,8.6,3.03,7.21,10.29,5.31,3.51,6.63,6.99,4.12,1.76,1.16,6.03,7.95,6.56,4.01,2.23,7.41
201203,-1.93,-1.06,-7.18,-4.4,-1.54,-0.78,-1.85,-8.47,-0.57,-0.67,-1.05,-3.69,-1.2,0.28,0.73,-2.58,-3.38,-0.39,-7.77,-10.83,1.25,-0.59,-5.89,-1.02,-1.26,-0.04,-1.71,-1.97,0.96,-0.41,-5.67,-1.5
201204,-2.83,-1.7,-4.64,-6.11,-2.58,-2.17,-2.1,-5.03,0.67,0.85,1.09,-2.19,-0.85,1.56,1.14,-1.37,-0.88,-2.58,1.14,5.31,1.23,-0.59,1.1,5.88,-1.18,3.58,0.59,-3.91,3.84,-0.43,2.4,-0.59
201205,-15.01,-17.42,-18.92,-18.21,-13.45,-10.31,-13.01,-18.23,-6.88,-9.45,-6.9,-12.22,-9.69,-9.38,-7.89,-11.3,-10.22,-10.32,-9.17,-14.43,-11.68,-10.85,-8.14,-15.31,-15.95,-12.18,-10.1,-15.28,-10.03,-8.92,-14.53,-12.18
201206,-4.44,-2.11,-7.26,-2.54,-1.04,0.19,-1.83,-2.82,1.06,4.61,2.73,0.27,1.39,2.58,3,1.15,0.57,5.02,7.77,3.01,4.98,5.79,5.62,3.5,-1.74,9.06,3.22,2.59,4.46,5.06,3.86,5.41
201207,-0.39,-0.89,-2.14,-1.28,2.01,-2.32,2.1,-1.09,0.44,0.9,2.76,1.43,2.44,3.77,1.72,0.58,4.72,1.79,4.94,4.56,7.26,4.61,5.14,6.76,4.85,7.23,5.1,4.17,8.79,7.08,3.81,-2.19
201208,10.44,-1.35,0.82,-1.16,-0.78,0.3,-0.78,-0.97,1.56,0.84,3.17,2.83,2.61,2.14,2.7,1.06,0.97,1.09,2.53,0.55,0.66,1.55,-0.03,0.94,0.3,0,2.75,1.79,0.01,4.07,0.45,2.22
201209,3.9,8.2,13.74,5.81,3.97,3.32,5.73,4.92,5.09,4.72,8.75,4.78,5.01,5.99,5.97,6.04,8.1,2.06,6.66,6.2,3.5,4.6,6.7,7.57,4.09,2.13,1.03,4.63,2.66,3.09,5.69,7.97
201210,-1.43,-2.32,6.22,-3.05,0.01,6.03,-0.38,0.71,0.47,2.35,2.04,-1.04,0.64,1.85,1.64,0.14,2.16,3.95,-0.65,0.32,3.06,3.18,-1.2,-3.65,3.38,1.96,2.96,4.84,3.32,0.3,3.39,0.74
201211,-1.64,1.99,-13.26,-4.37,-1.26,-1.71,0.79,-6.34,0.02,0.59,3.54,-0.81,0.1,-1.27,-0.17,4,4,2.22,2.86,4.76,3.42,1.97,1.43,0.65,2.67,1.4,0.44,-1.36,3.31,-0.3,2.07,3.23
201212,2.39,7.97,10.06,-4.49,0.75,3.39,5.84,1.44,4.06,8.38,5.67,3.59,2.4,6,4.44,4.96,2.33,5.56,1.66,4.52,0.39,1.9,2.36,-1.71,1.96,3.12,2.31,4.89,1.71,1.17,4.13,4.46
201301,3.83,5.91,9.43,5.2,4.47,7.25,15.12,-0.42,9.22,6.56,7.92,8.8,9.27,7.18,8.47,7.28,5.75,5.98,6.77,5.2,1.07,3.98,5.33,3.4,4.79,6.27,6.03,5.26,5.28,6.06,4.56,7.29
201302,-3.76,-5.52,1.64,-7.02,-0.26,0.69,-2.2,-3.89,0.72,2.36,2.23,2.17,4.05,0.17,2.67,-1.75,0.41,-0.99,-1.8,-1.29,0.47,4.29,-0.83,0.21,0.94,3.28,2.28,-0.49,1.35,3.79,0.43,-0.82
201303,-1.78,-9.42,5.96,-2.91,-5.26,-2.64,1.4,-6.44,0.98,-1.6,-1.9,-3.12,1.64,1.23,0.71,-0.79,0.94,-2.53,-2.55,-0.78,2.06,-0.29,-1.26,-1.67,4.57,1.17,1.55,2.63,1.55,-1.95,-3.75,-4.14
201304,-1.42,-17.11,-10.95,-12.8,-6.52,-5.36,-1.4,-10.31,1.49,-0.57,-0.97,-0.82,-3.45,0.91,-2.04,-3.04,3.5,0.49,3.48,0.44,0.44,3.54,2.68,-2.95,0.77,6.55,2.62,0.98,7.25,-0.97,2.51,-0.56
201305,-5.55,-10.97,-7.09,-11.78,-6.15,-2.69,0.32,-9.23,-3.84,-0.7,-1.13,-2.18,-4.05,-5.5,-0.62,-4.66,-3.94,-3.56,-3.53,-2.45,-3.1,-6.56,-4.49,-8.11,-5.74,-12.44,-6.86,-2.07,-10.32,-2.22,-5.52,-0.09
201306,-0.83,-12.8,-13.07,-13.73,-9.15,-9.05,-5.98,-12.63,-4.3,-4.02,-5.09,-7.91,-9.76,-5.79,-5.84,-8.29,-5.86,-9.34,-5.48,-6.19,-5.49,-4.77,-7.63,-10.54,-7.61,-3.9,-5.75,-6.34,-3.11,-6.36,-9.6,-8.2
201307,14.38,7.73,3.01,15.62,2.5,10.06,5.53,11.93,2.44,2.19,2.66,5.29,2.31,4.18,4.86,4.96,3.76,1.99,2.48,1.33,1.67,2.72,-0.8,9.27,3.23,3.33,3.21,6.19,7.29,2.42,2.21,6.4
201308,5.08,0.07,-3.17,-0.47,2.57,-0.06,2.04,0.82,-1.26,-0.42,0.58,-0.62,0.96,0.74,-0.37,2.72,2.76,-3.11,-0.64,-1.17,-1.4,-1.48,-3.97,-3.55,0.89,-1.51,0.38,3.17,0.98,1.32,-2.01,5.23
201309,5.24,9.86,10.64,6.12,5.42,6.65,4.8,4.6,7.25,11.34,5.62,8.29,7.42,6.91,7.22,7.41,5.97,5.5,4.89,11.64,10.51,6.58,5.3,5.54,9.87,5.38,5.22,10.52,7.45,5.6,5.25,8.73
201310,6.15,6.73,-1.22,6,-3.44,4.34,-1.12,-0.95,4.37,-4.35,1.34,3.07,2.34,2.76,2.26,2.98,2.99,1.93,1.75,-4.58,4.81,1.75,-1,3.24,4.49,5.49,2.87,6.59,8.63,3.76,5.59,6.33
201311,-4.57,2.42,-3.44,-4.63,-0.84,-2.22,-2.74,-7.64,2.91,-0.37,0.81,-2.29,-0.11,-2.43,-2.78,-4.36,-3.42,-2.58,-0.68,0.46,-1.07,-0.98,-1.82,-2.85,-3.79,-2.44,-2.39,0.4,1.53,-6.44,-4.85,-1.49
201312,1.49,4.37,-1.41,1.63,7.03,-1.21,-2.29,0.87,8.99,-0.25,0.21,4.74,5.68,-1.12,-0.49,1.39,0.56,0.69,-0.45,-2.59,-1.37,-1.28,-0.96,-0.6,-1.98,-1.47,-4.33,2.13,5.58,0.93,0.29,2.54
201401,6.83,-1.96,-4.51,-4.86,-4.23,6.86,2.62,-2.45,-3.17,-0.91,-1.73,-2.18,3.03,-2.7,-2.24,0.08,-3.63,-7.25,-6.82,-4.48,-4.63,-5.78,-2.88,-3.96,-5.2,-6.34,-4.44,-5.11,-3.97,-3.72,-3.74,-3.72
201402,9.8,14.89,-0.69,2.18,2.2,1.05,4.66,2.5,2.09,3.42,2.36,2.94,-2.13,5.34,3.91,4.67,4.04,5.4,5.21,4.37,5.62,4.7,5.4,7.23,7.89,4.71,4.19,4.34,8.47,4.88,5.42,7.25
201403,-0.67,22.38,-1.25,1.21,-2.87,-3.66,-4.17,-0.84,-8.79,0.02,0.29,0.08,-2.04,3.88,2.25,2.8,1.73,3,0.21,0.7,4.76,2.6,3.76,-3.02,5.37,3.3,3.39,-0.31,-3.3,5.12,0.98,-2.81
201404,-6.04,-3.33,-0.9,-6.21,-6.51,-5.09,-5.94,-5.98,-3.37,0.89,0.33,-3.22,-3.46,-3.08,0.48,-1.93,0.39,3.38,4.15,3.04,1.4,2.5,2.18,2.48,1.24,3.66,0.24,-3.69,-1.61,3.28,0.53,0.34
201405,4.78,4.37,2.17,-1.46,2.21,2.25,0.59,-2.92,4.57,1.53,1.53,1.23,-2.98,0.28,2.6,0.04,1.06,5,5.87,0.36,1.79,1.02,1.83,3.29,-0.26,2.12,1.81,0.75,0.88,2.55,1.81,-0.16
201406,0.93,-3.97,-5.28,10.37,2.87,1.28,0.93,0.92,-0.93,2.32,1.03,2.13,0.08,3.05,1.27,0.51,0.42,0.3,-0.29,0.98,1.61,0.46,-0.6,1.12,0.05,-0.04,0.37,0.04,1.8,-1.99,-1.42,-0.17
201407,3.81,12.93,1.66,1.55,6.43,6.97,4.33,2.14,4.29,3.29,3.65,4.47,2.07,4.5,2.75,2.96,4.9,6.06,4.7,1.74,-0.35,1.58,5.98,2.44,3.52,2.73,1.69,2.17,2.37,5.04,3.4,5.06
201408,1.56,4.89,6.05,1.06,1.04,5.26,2.7,2.24,0.9,0.95,1.85,3.3,0.43,0.99,1.38,0.18,2.61,-2.6,1.77,-2.88,0.37,0.03,-0.09,1.38,0.1,0.42,-1.23,1.45,3.5,-1.88,-3.95,-4.45
201409,-6.48,-8.5,-2.51,-12.44,-4.55,-5.37,-11.27,-10.13,2.08,-5.6,-3,-5.96,-5.49,-4.23,-5.7,-8.64,-9.74,-6.45,-6.28,-8.25,-4.87,-6.28,-4.73,-4.26,-7.47,-11.38,-9.05,-6.6,-7.69,-10.6,-13.15,-12.24
201410,-3.52,2.84,-5.17,-2.92,-2.38,-0.52,-3.05,-4.98,-2.82,1.29,1.32,-1.36,-3.13,3.07,-1.12,-1.61,0.77,4.07,3.12,-1.09,2,4.59,3.97,2.24,0.72,5.82,5.74,-2.61,4.79,5.66,6.32,4.76
201411,-3.34,-2.54,-14.14,-2.5,-2.34,-4.9,-4.21,-3.1,-1.66,1.01,1.11,-2.4,-3.01,-2.29,-3.05,-3.36,-3.43,-0.81,-0.13,0.72,0.01,-3.08,1.86,-1.2,-2.88,-5.5,-1.08,-7.52,-1.61,-5.37,-7.87,-4.2
201412,-4.43,-4.25,-8.95,-6.29,-7.25,-7.69,-7.27,-6.79,-7.5,-4.2,-3.4,-6.79,-7.5,-5.37,-3.23,-3.89,-4.29,-5.46,-1.94,-2.34,-3.83,-2.43,-0.62,-0.87,-0.43,-1.73,-2.6,-2.51,0.12,-4.16,-9.52,-7.8
201501,-1.69,-6.92,-3.53,-3.31,-3.65,-0.35,-4.54,-4.38,-1.33,-1.02,1.72,-1.1,0.98,-3.92,-1.55,-2.43,-0.68,9.04,5.63,2.72,1.77,4.66,0.83,2.02,-3.05,-0.14,-0.56,-3.67,-0.97,-2.64,-3.02,-0.74
201502,-0.14,3.64,2.2,3.89,-0.5,1.96,-1.48,8.97,2.1,1.03,0.84,1.95,3.18,1.84,2.43,4.75,3.71,2.42,-1.73,3.79,3.84,2.59,-0.18,5.79,5.43,6.35,3.68,2.7,3.26,1,8.07,0.43
201503,-0.7,0.17,-9.97,-1.93,1.41,3.02,4.63,-1.09,-2.4,1.54,2.01,-3.22,-2.54,2.68,-1.07,-3.55,-3.14,2.06,-1.29,-2.29,-0.4,-0.45,2.07,7.44,-2.4,-0.34,-0.1,-0.23,-2.39,-0.35,-6.49,-4.32
201504,21.45,8.13,16.74,10.49,28,28.98,20.09,21.79,22.34,14.35,17.94,23.18,13.17,8.12,7.5,16.61,6.3,6.27,7.34,4.61,2.06,4.58,7.53,15.28,4.9,1.24,2.32,11.65,1.9,13.73,4.09,0.04
201505,7.23,13.84,29.17,4.34,9.78,12.25,4.94,17.65,11.83,6.38,7.19,10.4,4.35,0.01,1.86,4.47,0.07,1.47,-2.01,-2.94,-1.12,-1.66,-1.37,-11.89,-3.3,-5.23,-0.73,0.29,-1.41,-0.97,-3.58,-2.28
201506,-5.84,-2.44,9.67,-1.07,-3.96,0.98,-3.6,-15.56,8.71,-4.33,-3.9,3.57,-7.37,-4.43,-3.79,-4.67,-5.95,-5.21,-5.22,-3.64,-5.53,-3.78,-2.24,-10.45,-4.67,-2.28,-1.14,-4.71,-3.47,-7.34,-7.77,-9.06
201507,-12.93,-12.16,-3.68,-6.39,-14.26,-13.72,-17.5,-12.79,-9.14,-8.66,-9.83,-12.27,-7.38,-7.56,-5.95,-7.17,-10.63,-3.54,-2.9,-3.44,-1.89,-3.59,-3.83,-19.95,-3.42,-2.81,-0.79,-3.94,5.86,1,-0.88,-8.77
201508,-11.1,-10.47,-14.26,-11.87,-15.9,-14.91,-15.63,-13.28,-11.95,-10.19,-12.28,-13.43,-17.76,-10.38,-8.14,-12.67,-12.73,-8.98,-11.06,-5.19,-8.21,-5.95,-12.72,1.88,-9.43,-12.44,-12.98,-11.26,-13.16,-10.52,-12.38,-9.31
201509,4.82,2,1.52,0.24,3.32,-0.5,-9.2,-2.01,1.57,-1.22,-0.3,0.37,0.86,-0.69,0.33,-2.76,0.05,-2.12,-3,-1.75,-4.25,-3.97,-2.56,5.62,-4.08,-1.09,-4.78,-3.86,-5.48,-3.37,-8.77,0.54
201510,9.37,-4.4,13.28,7.26,-1.11,9.26,6.47,0.78,7.24,9.45,5.91,4.4,6.2,6.27,7.1,7.45,12.32,7.23,6.44,3.98,6.62,9.23,7.72,3.18,9.89,4.78,7.29,8.14,11.5,4.3,8.17,9.34
201511,-3.03,1.86,-1.24,-4.85,-0.44,-2.84,-4.48,-0.85,-3.24,5.88,-0.13,-0.74,6.07,-1.91,0.71,-2.39,-2.81,-4.18,-4.57,-3.3,-1.63,-4.32,-3.58,-5.94,-3.75,0.46,1.83,-3.8,-4.72,2.47,-9.12,-2.24
201512,6.86,0.29,3,2.81,0.24,0.55,1.08,-2.11,3.07,0.71,2.85,-0.28,-0.04,2.47,0.72,2.16,4.53,-0.09,1.15,1.33,4.05,-0.37,1.14,7.4,-1.39,3.94,3.02,-2.61,1.29,3.44,1.71,0.74
201601,-10.11,-8.79,-12.64,-12.6,-4.22,-9.77,-15.09,-9.49,-6.95,-11.5,-9.2,-11.84,-6.02,-8.13,-9.2,-8.95,-8.31,-9.96,-12.1,-3.82,-7.16,-4.08,-11.07,-21.25,-6.55,-10.08,-10.74,-10.85,-5.92,-4.36,-9.87,-8.02
201602,6.8,4.03,3.5,0.96,-9.44,1.75,1.85,1.45,3.03,-0.68,2.48,-1.66,-1.1,1.69,0.65,-0.34,6.55,-0.73,1.39,4.88,0.91,7.19,0.21,-0.18,5.77,-2.74,-4.18,3.19,5.31,-1.79,2.54,2.39
201603,8.98,15.05,8.75,8.79,1.39,10.7,5.69,4.03,8.01,8.86,9.2,8.13,8.13,10.5,8.9,8.3,7.68,8.69,9.88,2.66,12.74,6.1,12.33,15.63,11.08,12.86,12,10.54,12.72,11.43,12.88,10.17
201604,6.53,1.62,6.9,-1.95,2.47,1.87,10.32,2.16,5,1.93,2.59,1.03,-0.22,3.67,4,2.57,2.39,2.33,-2.98,0.1,2.1,0,0.88,-3.6,2.06,0.44,1.99,1.88,-0.31,1.69,7.87,-0.24
201605,-2.57,3.49,-0.77,-0.98,-0.83,-3.49,-2.65,-1.67,-3.37,-1.5,-2.68,-0.8,5.31,-2.04,-0.82,-0.62,-4.87,-1.3,-1.57,-0.37,-5.18,-0.07,-1.79,-3.08,-2.73,-1.92,-0.61,-3.06,-2.23,-1.79,-5.31,2.21
201606,4.4,-7.97,3.63,-1.27,-1.5,-2.21,-3.04,-0.85,2.13,-0.78,0.76,0.7,2.41,-0.19,4.66,0.25,2.84,1.08,-1.63,-2.38,-1.33,2.96,3.15,0.09,4.46,0.54,-0.57,-0.02,-3.02,1.22,-0.79,-0.46
201607,1.11,8.63,7.19,3.47,5.18,5.68,-0.49,1.01,1.8,0.39,1.12,-1.89,-2.15,5.48,3.91,3.19,2.99,8.11,2.06,5.48,2.93,3.51,11.83,7.57,8.17,7.82,6.46,6.9,4.63,7.57,8.23,9.67
201608,-1.45,-5.09,-7.6,-4.67,-0.68,0.54,-1.24,-0.63,1.69,0.72,1.56,-0.77,0.05,0.8,3.04,3.24,0.36,0.84,-2.15,2.62,-2.26,1.13,0.04,-1.71,0.93,0.16,-2.29,4.24,-0.03,-6.27,-0.95,-1.68
201609,8.31,6.63,5.34,2.03,4.6,1.71,5.67,7.35,4.27,3.66,3.28,1.13,-0.31,2.51,2.77,7.33,2.91,2.77,3.02,2.35,2.45,2.32,2.84,2.82,6.4,4.32,2.11,1.72,3.99,1.18,-0.95,2.27
201610,0.09,0.2,-2.11,-3.84,0.22,2.2,2.92,-2.22,-1.48,2.5,0.09,-0.73,0.88,0.87,-2.28,0.47,-0.5,-0.67,-1.26,-1.74,-1.41,-1.69,-2.08,-2.64,2.32,-4.66,0.59,-1.93,-1.15,-5.08,-4.91,-3.91
201611,-3.12,-4.7,-2.16,-11.67,-0.94,-1.34,-1.47,0.56,1,0.74,-1.6,-2.25,-3.66,-2.11,-2.13,-1.38,0.12,-0.52,-1.72,-0.09,2.95,-1.84,-5.85,-2.95,0.51,-1.9,2.87,2.18,1.45,-1.33,-4.19,2.55
201612,-1.48,-5.89,-1.74,-4.78,-2.49,1.54,-2.18,-3.95,-1.79,-0.62,0.15,-1.59,-3.05,-0.33,-0.36,-4.2,-1.52,-5.82,-0.65,-3.59,-1.91,-2.21,-2.15,-6.36,0.36,0.38,-0.24,0.54,-6.54,-0.89,-0.43,-4.13
201701,8.71,5.17,7.31,4.14,10.53,6.61,6.36,1.94,5.05,3.83,3.67,-0.36,6.69,4.91,4.95,4.28,7.17,6.52,6.64,5.26,7.28,8.48,8.06,6.27,10.04,3.36,5.45,2.19,3.78,5.45,4.73,5.47
201702,-1.19,0.44,3.68,-2.64,0.03,1,-1.77,-1.44,2.66,4.29,2.57,0.04,6.41,0.79,1.79,-2.13,3.13,3.84,3.69,1.65,0.85,1.64,5.15,3.34,-1.67,4.37,3.37,5.3,2,0.34,3.33,1.22
201703,-4.37,0.59,-1.63,-1.76,-2.5,1.31,-1.07,-2.07,2.42,-0.81,2.42,-1.16,-5.2,6.97,1.48,-0.34,1.82,5.09,4.6,1.71,2.47,4.19,2.2,-2.11,0.6,3.01,3.51,2.3,3.92,2.57,4.56,5.57
201704,-7.17,-4.35,-5.87,-6.87,-4.32,-1.01,-3.96,-2.8,-2.45,-0.87,3.19,-2.97,-1.57,0.31,-0.54,0.08,-0.47,3.73,1.17,1.2,1.24,1.86,1.27,2.97,-1.81,-1.94,-0.6,0.73,-0.45,-0.99,-1.65,4.11
201705,-6.52,-4.71,-2.35,-1.62,2.49,-4.49,-5.87,0.49,-2.43,1.49,-0.75,-1.01,-2.92,0,1.05,-2.02,0.07,0.57,2.37,2.18,3.24,2.46,1.76,3.5,-0.57,0.13,-3.8,-5.22,1.77,1.13,-1.51,-0.49
201706,-2.3,1.79,2.86,-5.15,-0.59,-1.32,-2.4,-8.2,1.02,0.67,1.56,-0.47,-0.91,0.74,2.41,4.12,1.61,0.02,-3.06,-1.4,0.67,1.06,1.32,2.13,2.22,2.22,4.65,3.74,2.07,4.02,2.73,1.89
201707,2.66,5.24,4.56,5.42,2.22,-0.79,3.82,1.99,3.13,3.47,3.08,1.54,2.31,3.38,3.64,2.62,6.42,2.17,2.11,7.19,2.49,3.85,2.16,0.06,6.73,5.97,4.51,-0.15,1.71,-0.16,2.05,-1.38
201708,-0.48,0.6,-3.81,-3.16,-1.75,-1.61,3.2,1.15,1.15,0.63,-1.94,-1.31,9.32,-1.85,0.26,1.7,1.33,4.09,4.15,-0.75,3.42,1.28,2.81,3.94,2.86,-1.18,-3.81,-0.65,2.15,0.32,0.23,0.02
201709,4.5,10.25,-2.37,4.37,4.6,3.53,3.79,2.09,1,3.3,1.15,0.8,-0.12,-0.41,0,0.78,0.2,-2.69,4.07,2.5,3.99,-1.38,-1.25,2.92,-1.59,-0.28,-1.72,3.92,-2.69,4.39,-2.5,2.73
201710,2.18,3.98,2.83,5.35,2.68,5,4.33,5.68,3.2,3.79,2.02,3.68,6.44,2.66,1.92,2.69,1.73,3.25,-0.62,3.89,1.8,0.62,2.73,5.58,1.51,0.38,1.8,1.07,-0.68,-4.02,3.28,2.77
201711,1.33,5.25,-8.27,8.12,-0.05,0.47,-0.77,1.85,-1.57,-2.27,-2.16,1.01,1.75,0.08,-0.62,-0.29,-0.99,-1.65,1.67,6.41,0.5,1.04,3.97,-1.79,-0.86,0.47,3.23,1.76,-1.77,1.78,1.41,2.73
201712,5.68,2.37,-3.01,6.79,5.53,4.83,3.42,5.81,-3.38,3.8,1.95,3.61,8.76,1.97,4.75,4.12,3.23,2.64,1.16,1.86,0.86,1.41,-0.58,2.86,7.26,2.45,4.39,6.02,5.3,4.3,4.43,4.55
201801,5.54,2.48,3.77,3.72,0.08,4.08,5.48,2.09,1.36,2.64,3.41,2.2,2.54,3.97,2.14,6.18,5.42,9.68,4.58,4.71,3.36,4,3.87,5.56,3.14,3.74,2.16,5.17,5.34,7.11,3.85,4.5
201802,-3.77,-3.29,-3.98,-6.48,-2.08,-4.85,-6.17,-2.91,-7.25,-3.25,-3.23,-1.78,0.56,-1.75,-3.87,-2.8,-4.89,-4.69,-5.41,-5.36,-3.86,-3.58,-1.59,-6.88,-2.17,-3.41,-3.58,-0.47,-1.1,-2.56,-4.66,1.43
201803,-3.83,2.63,-1.77,-4.46,-1.63,-2.03,-4.65,-1.14,-0.2,-1.25,-1.61,-4.25,-7.56,-0.11,0.37,-3.51,-2.38,-3.64,-1.05,-9.44,-1.84,-2.72,-2.42,-4.23,-5.77,-5.44,-2.76,0.31,-5.89,-1.65,-3.77,-4.39
201804,-4.3,-4.26,7.76,-4.07,-2.05,0.56,-2.49,-3.14,-0.89,-1.3,-2.64,-4.27,-7.87,-0.62,-0.19,-2.74,2.37,3.08,0.92,0.01,4.22,2.42,4.26,2.53,4.3,1.02,1.22,0.27,3.41,3.73,-0.04,2.79
201805,0.16,-0.96,-5.56,0.2,1.06,2.05,3.35,2.91,-2.3,-0.28,-0.16,-0.69,1.72,2.32,2.4,3.89,-2.65,-1.24,1.43,-3.78,0.67,0.09,-2.82,4.71,2.15,0,1.16,-0.2,6.2,3.18,-2.38,5.08
201806,-5.31,-7,-8.42,-6.17,-2.07,-6.17,-6.79,-8.18,-2.21,-3.35,-3.7,-4.19,-8.73,-2.16,-3.24,-3.9,-2.25,-2.94,-6.76,-2.55,-4.64,-2.74,-4.12,2.86,-0.88,-0.36,-1.16,-5.38,-4.88,-6.87,-3.05,-0.89
201807,4.92,-1.78,-0.95,-2.58,-3.14,-0.22,-1.55,-4.85,0.41,-0.81,-2.03,-0.82,-1.02,-1.63,0.24,-4.31,-0.86,2.42,2.03,0.63,0.99,1.37,3.05,3.41,0.14,1.87,4.27,0.45,1.08,2.02,0.56,0.34
201808,-5.14,-6.4,-6.73,-4.57,-2.2,-3.65,-6.31,-1.82,-1.83,-2.45,-3.15,-5.26,-6.59,0.21,-2.91,-4.6,-3.34,-2.78,-2.43,0.39,-3.95,-3.61,-3.26,-4.41,-2.08,-3.93,0.16,-2.05,-3.89,1.29,-4.95,7.74
201809,0.47,-4.21,-6,-3.56,-0.14,-1.13,-2.23,-1.04,0.25,-1.2,-0.64,-2.63,0.25,0.12,1.71,-3.2,1.75,-0.57,-1.07,0.91,-2.5,-0.2,0.59,-0.72,-1.55,-0.1,0.54,-0.47,0.78,-0.78,0.98,-9.15
201810,-8.33,-10.53,-9.58,-11.39,-4.14,-9.28,-10.24,-13.12,-7.08,-6.56,-6.01,-10.44,-7.32,-8.75,-8.12,-10.92,-11.14,-4.84,-10.46,-12.12,-7.57,-7.79,-10.12,-10.68,-9.84,-9.09,-10.15,-13.11,-7.83,-5.31,-6.2,-7.74
201811,-0.34,-0.62,1.23,0.49,1.61,-1.79,-0.16,3.19,-0.69,3.37,2.21,1.98,2.71,2.11,4.2,3.71,-0.59,3.65,5.83,4.42,4.3,5.33,5.61,8.24,3.72,2.98,0.06,8.48,2.04,2.18,0.84,0.96
201812,-8.13,-3.82,-9.85,-9.7,-1.9,-4.49,-5.62,-7.92,-4.22,-2.32,-1.13,-6.97,-5.03,-4.5,-4.63,-3.64,-1.56,-3.63,-4.04,-4.4,-3.24,-1.29,-1.46,2.13,-5.58,-4.6,-1.7,0.46,-0.13,-3.24,-2.25,-2.11
201901,4.66,-0.11,-3.18,5.86,4.1,1.25,-0.48,0.25,1.02,4.15,2.46,-0.51,-0.68,3.42,3.96,3.24,7.62,7.63,9.49,7.55,8.73,8.77,6.23,-0.05,6.74,2.87,4.85,7.85,9.67,3.4,11.44,12.15
201902,-0.17,10.28,2.13,0.41,1.47,0.69,-0.81,2.94,1.92,1.27,2.21,4.69,0.55,2.6,3.04,3.15,1.44,4.4,3.35,4.61,4.18,1.16,2.56,3.93,5.13,5.04,4.69,8.24,2.82,2.93,4.61,-0.93
201903,1.35,-4.48,-0.61,3.66,0.3,1.28,-1.2,-0.67,-1.98,1.45,1.6,1.88,-0.49,1.34,2.17,0.16,0.35,3.09,3.54,3,-1.13,3.2,0.97,-4.5,-0.07,-2.78,1.82,-0.65,3.26,1.26,5.67,0.01
201904,1.96,-3.43,-2.59,8.65,-0.02,1.17,-2.37,1.63,3.97,2.06,1.89,-0.29,1.83,-0.07,0.88,1.68,2.72,0.13,-1.62,1.11,1.09,0.47,2.73,4.35,2.27,2.31,1.8,2.75,2.74,-0.05,0.56,2.16
201905,-3.2,0.55,3.23,1.76,-13.47,-5.35,-4.75,-8.46,-5.31,-4.58,-4.64,-6.02,-3.2,-3.3,-2.13,-4.68,-2.56,-7.54,-6.74,-5.6,-4.71,-4.05,-6.38,-3.05,-3.57,1.85,-4.8,-8.16,-4.44,0.58,1.27,-3.67
201906,1.84,-2.8,-5.74,1.38,3.69,1.39,-0.44,-2.71,1.77,-0.09,2.63,0.69,3.84,3.69,1.07,2.87,3.16,3.56,4.58,6.99,5.45,8.37,4.02,0.34,4.35,5.19,4.34,11.44,7.96,1.08,3.6,5.71
201907,3.19,4.22,0.27,3.14,-0.31,-0.55,1.09,-2.03,-2.51,-0.32,-1.27,-2.03,-3.98,0.16,1.31,-0.14,-3.5,-5.16,-3.58,0.64,1.34,-2.02,-2.5,-2.06,-1.95,0.31,-3.19,-0.1,-3.76,1.93,1.05,4.74
201908,-0.44,-8.6,-9.02,-0.63,-7.47,-6.82,-3.56,-5.46,-5.15,-5.75,-6.02,-2.33,-2.09,-4.92,-5.07,-5.1,-9.23,-9.3,-7.6,0.58,-1.22,-9.04,-7.9,-6.48,-4.48,-5.28,-7.98,-3.64,-10.93,-2.78,-5.95,-0.48
201909,0.01,3.47,8.46,9.69,-1.37,1.2,3.7,1.57,2.32,1.55,0.43,0.39,2.5,-0.91,3.36,5.94,1.63,-0.77,2,0.65,0.17,0.85,0.14,2.04,1.7,4.01,3.83,1.39,3.13,-1,1.23,-2.05
201910,0.17,-4.49,-3.69,-0.86,-1.53,0.29,-1.33,0.41,2.1,2.16,-0.47,-1.9,-4.7,2.24,2.99,2.37,4.54,4.51,4.73,0.94,0.16,1.52,4.83,5.74,3.36,1.17,-1.07,3.03,1.42,2.65,7.45,6.71
201911,-5.2,-8,-0.2,-1.49,-0.36,-2.26,-2.13,-8.88,-2.92,-0.14,0.41,-1.95,-3.69,0.86,-0.54,-0.65,-1.39,-2.02,-1.56,9.09,-0.53,-1.97,-0.68,-0.62,1.11,-4.48,-1.79,2.19,3.33,3.26,1.09,4.57
201912,3.06,-3.7,-0.16,1.16,2.73,2.39,8.9,8.17,9.37,3.21,5.19,6.8,2.02,3.89,4.93,5.41,2.72,2.23,3.87,-1.14,2.86,2.82,3.66,6.9,3.51,2.59,3.01,2.15,5.31,-2.29,6.29,3.04
202001,-3.14,-5.64,1.49,-1.64,-0.68,-2.42,1.87,-0.34,-6.02,-4.71,-4.77,-6.1,-3.92,-4.77,-4.69,-5.51,-5.57,-4.27,-5.5,-1.42,-1.36,-3.55,-4.61,-3.34,-0.72,-3.81,-2.32,-3.67,-5.49,2.65,-5.58,4.19
202002,-12.64,-9.65,-14.98,-13.92,-9.54,-8.32,-10.43,-12.6,-3.34,-4.94,-5.57,-7.9,-5.67,-7.04,-10.15,-7.38,-5.82,-3.15,-3.57,-8.07,-9.55,-5.48,-3.45,-9.82,-7.03,-6.88,-7.14,-10.64,-13.93,-7.92,-8.46,-4.87
202003,-22.17,-18.12,-27.27,-23.23,-17.91,-14.74,-18.72,-23.35,-15.02,-18.12,-17.59,-20.85,-14.51,-20.61,-23.65,-23.46,-21.88,-11.87,-19.7,-25.34,-20,-19.78,-16.19,-20.8,-17.61,-26.69,-26.93,-24.13,-16.63,-13.78,-23.89,-12.77
202004,17.65,16.45,19.59,26.85,6.35,6.21,22.41,16.58,4.39,6.52,6.91,6.95,1.26,13.61,16.46,13.22,14.15,2.12,9.65,21.43,13.75,9.67,7.35,14.69,11.46,12.53,10.77,18.53,16.26,9.87,15.12,13.93